0,1,Log_Rent
2395.401011298963,61446.055687838576,8.21554741194707
14670.584432367641,36734.29374827597,7.498869733976931
47656.061960484025,36702.766494883945,8.166500319155052
62474.825524221225,68964.26834583972,7.132497551660044
27242.306618538223,40346.579767797186,7.5766097669730375
-32650.467479473915,36265.17341826208,8.15507488781144
-9372.785497444052,64790.52580164224,7.175489713624222
-23733.930262462676,72903.9352149285,6.776506992372183
-15477.086582146949,25542.180195051948,7.311886164077165
-28016.351430362265,56336.90988787815,7.636752112435779
-36569.81900171446,56264.488076388974,7.505492274737424
8948.987433855666,45528.32324717305,7.201170883281678
5066.695304934693,20926.757733635244,8.148734808937169
43811.71222067064,25370.438031312988,8.18004072349016
-12827.833718106196,49185.883503311044,7.429520842786462
38251.15941236188,31841.824944828353,8.010027528481734
-22840.601740634214,34653.21006469915,7.67693714581808
7281.825352144672,36495.19253980809,7.6004023345004
-24545.717096478107,54068.46562522183,7.68017564043659
-7559.726293087958,26328.37751016014,7.04141166379481
-23599.68031350478,35762.411448310566,7.0825485693553
-34585.67433617734,34148.92322423301,7.984121958702927
-3052.578038370655,23508.040364390912,8.239329427901795
-13949.298784298173,58292.70091711308,7.43307534889858
28070.846743502378,52192.09540729025,7.2485040723706105
48185.11899818836,28287.52335282979,8.244071270295786
12517.910545324166,24053.582564827113,7.711101251840158
36401.6981092173,35108.69152341553,8.002359546252707
-7093.750261069431,38467.34106332629,7.113956109566034
18312.827632186676,42168.51786090778,7.142036574706803
-6665.299427736056,41580.16192285988,6.894670039433482
-1633.4950319644133,55171.20637624423,7.0192966537150445
-13162.06887484762,50688.459917470565,7.601901959875166
-19677.09651385738,32153.395247654902,6.5722825426940075
-36559.80939875634,39341.575227825226,7.888709524182015
-1806.755526073778,14257.281401493143,7.8434564043761155
33282.38987895677,23396.871312010513,7.781138509845015
31794.44999561497,52020.29826241808,7.108244139731541
-3506.537869174887,27154.499590316198,7.077498053569231
-20483.308988811106,37124.71830646801,7.519149957669823
-44979.87178333557,44386.33574519242,7.505492274737424
12469.775741622547,15692.109838665352,7.470224135899966
-16535.918698000853,46431.91787940375,7.048386408721883
36387.863946967016,11171.957347668535,8.18423477409482
8278.226486790865,38859.43938077407,6.881411303642535
35690.50164182752,29882.832323716553,8.20849175174038
32605.80495505385,39397.66931259507,7.1846291527173145
-10150.422832115479,40065.18747060407,7.349230824613334
-3509.3708213971,49641.04419752458,7.167809184316444
-27588.242343437516,45672.36530583775,7.61085279039525
-40049.650049697775,42438.012976516475,7.697121317282625
-8450.775410567983,33614.57814983131,7.510977752014095
-34715.65910334465,71058.38612892969,7.108244139731541
-2068.1873866575847,34083.858182330776,7.642524134232902
-13837.45606036377,29280.468885373306,7.161622002939187
-26675.957907703585,40492.49740586926,7.821643126239982
52536.870130439376,29471.50346106602,7.844632644464681
42383.709502556194,36928.227065120846,7.709756864454165
34974.69485579517,45029.20035448144,7.24422751560335
18623.519155100414,7224.845026293789,7.589841512182657
612.1639068914329,7687.517105430431,7.368970402194793
2762.845172376847,18882.530095301343,7.093404625868766
-16675.150716200053,31643.393039090693,7.115582126184454
-11031.88231576658,12725.310095792416,7.030857476116121
50499.76412559485,35140.37259747687,8.134467570277563
-30172.690880765927,28711.712225838666,7.01211529430638
-8283.054317447575,-276.51255157733937,7.619233416226805
-42503.86597433194,45620.52123730575,6.659293919683638
-25485.953002584323,18063.327841529703,6.996681488176539
-19817.161022388413,50537.2239013151,7.665753431861699
-35738.759567692505,49772.69470410865,7.725771441587952
9686.80001969904,29231.454284950527,7.895063498091573
694.1520681164365,19172.05275626497,7.618251097876695
-15105.27203188829,41923.549006417525,7.673223121121708
-29698.74333763596,19141.16624670129,7.010311867307229
-6397.143530660962,21482.539609021573,7.220373836723949
24197.06189955515,42770.48766945854,8.310169021981912
-7296.506832441258,22452.266216448337,7.3914152346753585
-38105.26535767549,33919.69810262129,7.478734825567875
-7275.121154325826,27749.793528331367,7.126087273299125
-3398.1719867032753,20474.666668983078,7.877017895622398
39573.929234926676,33182.054312585184,7.3938782901077555
-9511.23832810263,-1866.0565937315882,7.596894438144544
31802.823971605772,2018.776791405285,7.7039102096163115
-13906.749963707976,10809.641629761229,6.763884908562435
16882.976415532597,46876.513967685896,6.897704943128636
-17029.13256356425,57922.892303679895,7.980023592310645
-19317.021198547947,22198.81964529531,6.452048954437226
-29345.287987918804,15043.970712526916,7.1846291527173145
-19056.810407477118,50040.35069375969,7.675546002537848
-42790.17261736749,32766.18098906881,7.4318919168078
-25656.566415578007,52913.86609185067,7.572502985020384
43970.95495906069,14279.360406372227,7.8528278122817445
-39164.48491892941,42962.54679785746,7.66105638236183
-435.6287320130871,60521.24051668988,7.669961995473577
430.0044000839813,26153.119595862154,7.034387929915503
-27934.24462083711,39561.920983927346,7.696212639346407
10341.405599001308,18899.06089856571,7.920083199053234
7696.839838162489,54114.11633393843,7.56734567601324
-32415.865520798794,18548.051952943333,7.075808863978387
37525.59107639026,44538.3296655084,7.820439515262181
-29144.3463435344,38726.43224065714,7.055312843339752
-15753.85166883427,28002.175430564515,7.7886260656250315
36929.780566892805,35393.863996328546,7.307202314764738
-701.834059715643,23850.149527364007,6.966024187106113
-17770.064086327537,21470.91790320708,7.044032897274685
19410.744689689487,21461.76373263128,7.201916317531627
-22969.25835857841,31386.957844667333,6.99117688712121
-30233.391670179804,30476.987685862885,6.625392368007956
-11386.904905749894,17246.175631990372,7.01301578963963
-79.53723546820389,21112.976447492216,6.784457062637643
-14961.607347631194,25416.326189976833,7.295735072749282
-14019.54087220424,31943.20990428736,7.337587743538596
25224.334318384706,25969.16755110183,7.488852955733459
9661.707103537343,20682.833178212746,6.873163834212518
-19132.903342572165,7728.4277306617105,7.290292882446597
-7744.36968065502,22880.41985946581,7.27655640271871
-20223.549576215148,19022.1075445293,6.597145701886651
-17294.005881041885,62481.05684330605,7.691200097522863
30521.388717159134,36944.53641927177,7.755338812846501
-7101.102699870312,22259.83472694901,7.77779262633883
6120.345198812628,24116.017062852454,7.89655270164304
6532.822960308684,35403.09100535088,7.362645270417825
2170.910216378393,31252.806212902273,7.653969180478774
-29843.33710134885,29558.458276140933,7.360739903058278
-23840.393071791525,56940.37955743151,7.693481640835175
-808.6791217834606,19117.58537645455,6.721425700790643
-31432.93276219837,25399.954699611015,7.047517221357296
21571.94248661653,17312.66136719885,7.584773077612199
18172.069488050165,48510.568355595955,7.655864017616056
54511.872551941444,24287.021509053295,8.054204897064407
-9084.097816022215,35604.33476031846,7.401231264413015
-1463.7170240723303,29876.27409059842,7.594381242551817
17681.441635591535,34790.09395867113,7.298445101508147
-3549.7816019772213,3437.493889386987,7.117205503164344
-30320.188057324223,27352.004114946943,7.759187438507795
503.4306341441186,-993.1943560487083,7.795234929002173
-16884.410940060578,26711.43395096686,7.738923757439457
-8758.807389256433,26695.915924848145,7.510977752014095
-22910.69181071995,-2488.320477126051,7.396335293800808
13118.209879234273,18561.563554757424,7.288244401020124
-39570.21600868139,27099.544555163284,7.552762084214147
-5414.403127865992,14924.945616552428,7.165493475060845
-4573.418378065684,16400.122570100546,7.149131598557407
27316.75411128827,13776.061468960846,7.80994708647679
-26920.80447024055,52786.37423309458,7.611347717403621
13022.22280386859,26276.469762045544,7.218176838403408
-21663.131605249753,22207.097950374075,8.046229101075378
-19842.284757785634,28994.864866352185,6.976348070447749
-34950.09809232266,58493.86132297158,7.6093665379542115
-2890.3413388136164,30534.534264563536,7.443663683115591
-13038.206051193474,59569.243673349956,7.682943169878292
-339.16409006629385,1350.1717227946124,7.273786317844895
-21732.51246054948,21729.26245955003,7.717796211013582
8306.300228143562,11952.065460079488,7.860462796676839
-26983.271141953526,24510.40494729721,7.055312843339752
-14828.343912302487,23008.173267177935,7.611347717403621
-27894.852329374542,12394.211749595002,7.218176838403408
14891.691413773948,24996.773704429805,7.555381944240273
-19879.953367647573,11408.288971289496,6.927557906278317
-3988.36394248007,34820.55433349257,7.3864708488298945
14286.471430122794,26332.932847622567,7.840312983320164
-19109.93111367547,18214.535844048205,7.65491704784832
-17315.00129193059,37166.8672931789,7.591357046698551
25013.027017279786,35505.17460888129,7.941651252930556
16762.07733048434,14897.104978722788,7.3632795869630385
-12381.071557474994,25051.592464233603,7.583756300707112
-10458.826382259029,15502.680087424746,6.732210706467206
-30312.495834811238,172.53871477412795,7.004881989712859
-3570.5119691967075,9709.515696867687,6.999422467507961
1138.1742129645877,24987.173069774235,7.055312843339752
-21960.55884154964,6268.85379314074,7.213031659834869
-15937.611600614802,16172.55741120102,7.305188215393037
-4133.991738018035,23643.156459807065,7.7406644019172415
2096.6057313033116,23461.027603148475,7.486613313139955
-35612.57597233963,10016.215361807437,6.573680166960646
-30978.74535392273,22676.692424718938,7.278628942320682
56012.15150962081,40316.12600235977,7.427144133408616
12431.231398960987,12312.63343575358,8.026823576217629
52118.01883825555,42288.28115225725,7.43543801981455
-6189.440522363888,13309.32997010933,6.96979066990159
-42009.5028040982,57755.08918342896,7.724004656676065
-21521.748118520045,6278.085557839219,7.0431599159883405
-9734.945273499385,37050.73178930394,7.633853559681768
8329.877311603526,15576.01069831371,7.02108396428914
-10428.423547445194,14965.907624200947,7.055312843339752
-23342.9213739759,37274.64616369881,7.627544390488503
13843.882271421598,22369.364325897077,7.5485559791698735
11515.412089744272,13656.102584817,7.353081920515432
-16799.941549406372,10869.326735689665,7.483806687665835
-16609.25681517067,7789.2605081771935,6.568077911411976
-25400.59444674851,12670.673573731034,7.408530566894626
55502.407208261946,21135.413253345338,8.059592328887545
-19860.25108582384,9221.05482206636,7.109062135687172
-26890.2307892873,15951.818328554013,7.283448228756631
-6665.916849409748,7791.805278858368,7.746300662231439
31520.871195299565,21554.55806122581,7.534228326274089
54955.88402130554,27459.590445925674,7.8724551500639794
-32852.686975376506,19632.216625876994,6.894670039433482
41621.5211156032,29741.159075004394,7.964850887447313
3602.36377060559,16178.081609867726,7.005789019253503
-14891.128031698916,6896.587681178786,7.089243155027514
-11311.28233462193,22501.051630019858,7.6638772587034705
-38853.41320100175,10110.501715511595,6.785587645007929
50931.54296661595,8946.844481529874,7.285506548522785
-5022.663934195625,318.9393124790804,7.277938572945661
-135.71449035140444,23809.553303388464,7.083387847625295
-15426.278955102667,-117.014082191945,7.369600720526409
-22394.739147588796,26518.779009416503,7.5883236773352225
-29252.30367747319,19653.218530972288,6.63200177739563
4970.663959672853,-1130.5637885907054,7.579167967396076
8300.042779842694,24659.198796485358,6.952728644624869
16500.2165714648,21611.215545991796,7.053585727193677
4590.699363608459,6836.028180576878,7.0967213784947605
-8915.03354024789,25661.979770169313,7.602900462204755
-34132.54127499016,49334.57700977103,7.7142311448490855
-16599.870511687604,19179.145792241205,7.733245646529795
-13321.02676494501,32883.569574350346,7.3914152346753585
4314.699212315432,18414.7927417248,7.00033446027523
-33187.65690376648,41397.04769808091,6.776506992372183
85.68056243060414,2605.2495406008084,7.234898420314831
-4785.366600380428,-13187.92764155041,7.823245690685523
-12998.579428404091,8317.843251647513,7.01211529430638
4286.912572895771,16513.472482788395,6.866933284461882
-4899.485922890635,-4328.21144091377,7.356279876550748
-4430.71065848396,8110.509710152697,7.461065514354283
26384.166203690504,56333.933172347904,7.360103972989152
-15002.67227366725,-546.0690662251403,7.226936018493289
-19132.328507148,4744.544628106198,7.22402480828583
-18255.993891099442,18330.596778069747,7.427144133408616
-20200.32861013383,39230.26992520448,7.631916513071252
-8932.53598669894,12173.793465309314,7.171656822768514
-27600.07314383907,20829.808206318383,7.755338812846501
-30241.931324231948,33482.89881109834,6.910750787961936
-34825.680102276856,53099.66660534492,7.683403681053826
18233.762271705462,21072.045883782037,7.547501682814967
-11919.171828192588,6879.305636367948,6.584791392385716
-10786.935540744447,8095.067937396004,7.135687347028144
-14112.031823657926,20068.317331667728,6.960347729101308
-10198.236666776542,11961.889459845599,7.1276936993473985
-10909.97385040651,10681.447089995096,7.190676034332207
-1695.3517188062847,27379.499927809346,7.813187267521416
25717.94553416656,35065.191780825764,7.845807502637805
11236.246889592656,12580.134467669324,7.261927092702751
-13226.887615026453,-1679.998141300283,7.658227526161352
-6685.830834187616,30460.9455152365,7.505492274737424
-23559.050393982223,28567.93522032645,7.011213987350367
-14118.712206045842,6154.073914101619,7.238496840894365
-8976.152395488907,5237.873226957673,7.668093709082406
37539.12643380466,18858.363493669058,7.511524648390866
-31549.308230900933,5012.043629564522,7.0925737159746784
10715.572008894067,27185.664946111112,7.7142311448490855
-16802.4919418612,9998.170475906123,7.204892510204673
-24714.92304693537,10289.026032826934,7.341483852363161
-7090.945406259963,14802.437343792713,7.155396301896734
-17726.37133014197,23529.749023292316,7.122059881629142
-12778.798641147941,10987.03689613957,7.080632376948092
48560.001453665434,70.77206599329078,7.666221925662725
-27261.170684898203,7592.865153363872,7.226936018493289
-9597.290352548935,15892.324814582145,7.13966033596492
594.7433143393062,15080.050488411629,7.533158807455563
-29967.298977576113,69949.68079657153,7.716906135298388
-19642.420312687445,34675.24320693304,7.68662133494462
-29984.186008105735,35695.81802396776,7.358193752733032
447.35972961568433,23264.748046619443,7.086737934510577
-33204.252812823135,58369.90404320444,7.640123172695364
2387.2619126063632,18771.968741054734,7.280008252884188
-38814.15210022477,7594.988461251825,7.1929342212158
-21317.337346469132,16944.32892170773,7.915348169263078
-12825.657329404388,13519.327097650705,7.837159650001675
40069.55068505695,18219.210836543993,7.57095858316901
-19681.89453192705,13045.168793583363,7.103322062526113
-10882.49439342538,18776.47649666508,7.1891677384203225
-25082.023911298053,-3481.1353644400074,7.199678345691172
8957.004538259747,14519.255339720696,7.171656822768514
16578.948092977247,24180.455568208858,7.425953657077541
71810.07418386554,44848.667821785,8.093156697722637
-5872.208365562006,6485.34649596789,7.0707241072602764
-9709.690400996404,20939.663245174277,7.874358824729881
-7351.073608817317,11125.513317638615,6.7226297948554485
-26864.506446676984,13205.245141533062,7.00397413672268
-713.2266872739544,8204.189862407555,7.205635176410364
-11507.051908777432,9899.936078748753,7.074116816197362
-10532.55322199545,13352.380754674632,6.954638864880987
17127.94091780688,34648.80609350537,7.988882253309227
27618.431245073538,17718.980349001657,7.75491027202143
70147.4647842149,32923.60819232618,7.8928255262511176
-28190.87250822869,28139.946975911535,7.540739536681835
-1080.9852700301738,5693.080809054377,7.480428306074208
16300.194302380281,13339.667057799428,7.8343923029104365
6494.237353423957,14431.264779604326,7.030857476116121
20361.214432167686,8838.33384753246,7.498315870766981
-5438.074054851356,-130.398371490716,7.967973179662935
-15809.064709985332,12990.256107405237,7.1569563646156364
-15904.624428501538,15988.557093738731,7.667158255319148
14045.219431256703,-5338.607135202804,7.318539548567902
-7245.611304963831,24121.512133485427,7.780720886117918
13340.426786411537,3770.841481934096,7.865187954187467
7166.70261088833,22248.113255717133,7.146772179452637
-6718.397438976697,13142.335442255637,7.2456550675945355
14252.501544520617,7161.719048497707,7.393263094763838
62250.76931106608,36195.84017586202,7.9355873855892
-9033.97059777121,13875.257704509995,7.840312983320164
14676.767421214357,17556.154623620114,7.318539548567902
57731.364474501104,8412.02248888117,8.261526448396468
-16499.449599801297,22679.655156607085,7.6004023345004
-6272.458832815751,4018.5025133113713,7.337587743538596
32234.410743828288,-4859.767965524235,7.681560362559537
-13197.083996520878,4780.333303718991,6.980075940561763
-21513.857094109568,8507.783544808206,7.1459844677143876
19057.856298933653,17688.97957065508,7.2399325913204695
23459.586275617377,11594.00737962097,7.541683099882111
-14540.562940032394,9334.458510889343,6.752270376141742
-28483.286572145087,-3102.8821840042137,7.095893221097532
4862.345126824204,11482.923524740017,7.153833801578843
-8411.082921579688,10681.030780256036,7.244941546337007
34589.90492035473,28515.567382020177,7.294377299288821
-17844.446516426116,-3880.5689199020685,7.519149957669823
57565.50757638196,12906.348731304743,7.689828668736484
4840.5232079139205,17992.810215567162,7.751475318021456
479.9652305021325,8972.305395899597,7.344719054149673
-23275.723562470215,7110.050946940609,7.091742115095153
6726.417329784749,5542.501810629997,7.132497551660044
41427.35203664878,22203.187477375275,8.00202481821611
-9855.37133380895,21445.854556280465,7.6783263565068856
17180.68887781002,12796.994871853318,7.61972421378267
-28291.0141845086,-3112.6679993924354,7.030857476116121
30872.1856159662,20180.806328134906,7.681099001536359
-8507.675814177514,15508.679447830938,7.666221925662725
-27341.51882568487,6786.157034957721,7.215239978730097
-10740.03061040567,33595.20169211079,7.631431664576906
-12675.40733993439,22760.96163605779,7.650168700845001
-5540.617522101799,10260.14463932594,7.311218384419629
42666.779533639674,61310.810702343646,7.4073177104694174
6672.861364958026,-7106.399666558311,7.507690077819904
-9479.499282661956,-1609.4512406684225,7.130098510125578
-31915.293421894985,25870.803352138253,7.461065514354283
-21768.586328163732,29145.375320133415,7.580699752224563
-22964.766278663355,11408.839799153591,7.2813856635702825
41818.58902477889,32088.957543514574,7.461640392208575
11653.780021902272,-1432.4446434077545,6.626717749249025
-37410.1663617215,12938.78948544862,7.519692404116539
40637.45912404409,21630.514832325407,7.202661196523238
28744.367381387263,9292.00736547975,7.359467638255621
21380.14739276946,5829.614742357989,7.4318919168078
-11480.971842372612,15467.202638615636,7.309212365692763
22290.557608492323,-6064.945944623315,8.14902386805177
10482.381815552244,2621.457220164019,7.181591944611865
-5317.787518160077,4804.641766528823,7.60339933974067
13501.79859755119,14391.53393508338,7.415175109613295
-6625.536493108168,25975.657132594057,7.170888478512505
-15560.996659474788,13206.057489898547,6.748759547491679
34204.71347913807,18033.656737451867,7.887208585813932
-11354.540415050484,9244.900571496804,6.646390514847729
-11731.567173717849,4547.654292661798,7.097548850614793
-8954.698766924137,6194.266026204639,6.4457198193855785
40440.364781113196,25624.086460070957,7.741099090035366
-5147.295144681473,13618.557125983642,7.421775793644647
46914.982395689316,22594.261092975725,7.560601162768557
-1210.9875332375595,5914.615859172334,6.919683849847411
-7853.025619742786,-1739.4493830501383,7.3277805384216315
20738.200136673873,17400.43414164059,7.317876198626496
18656.76398241298,19887.652721788363,7.71333788887187
-25512.752518851306,1497.9554862604537,6.577861357721047
-30508.099197474632,47731.06883285466,7.21890970761906
9705.848925888811,-13137.198717698477,7.336936913707618
-1964.1021822063635,11167.315904279465,7.293017679772782
-33858.837392644964,23341.13804297584,7.537962659768208
-24272.745839578867,16303.023341567523,7.635786861395585
-37494.338048340156,5682.460593696924,6.9440872082295275
34154.28736390118,21679.690710748113,7.846324003279261
-17168.00375646995,3360.0252636982327,7.105786129481271
-5561.162010023523,-1324.5872519750337,7.01571242048723
-26060.35197387887,3991.8174795614955,7.055312843339752
-4931.932318893934,-1335.8483220716953,6.812345094177479
-18322.971693358755,-144.91376649763285,6.959398512133975
-24761.50412194489,7554.514852336643,6.669498089857879
-11219.832984443423,16354.65003639557,7.351158226430694
-15474.40387336471,1327.304419680189,6.680854678790215
-29908.359888684987,17077.795743900075,7.684783943522785
-4341.605447801454,17082.231550700915,7.253470382684528
-6231.353473366518,29441.105881310952,7.594381242551817
34014.20004303716,16747.501045914265,7.3758821482150125
-16790.249372376024,2835.405122299002,6.556778356158042
23651.322026567177,12944.959877720785,7.07326971745971
-23494.867199712,-5653.679295641369,7.079184394609668
10444.624451619047,3358.1126461291924,7.305860032684009
-11645.194067884706,-1053.8013374729835,7.050122520269059
-5718.000386059434,10981.012312664669,6.52795791762255
-15318.76253303557,2940.8646214002138,7.182352111885263
-5348.661916802571,28137.156158136837,7.684783943522785
-29387.105710097992,32288.32760521586,7.631431664576906
1050.8500618745618,20223.19234619254,7.358193752733032
-19901.679985360675,-12573.797679005997,7.804659297056102
33232.35664693199,6482.879364301018,8.214465160759186
-7637.324377209483,2971.962154014689,7.1891677384203225
-20584.685243057596,1109.107280359143,7.221835825288449
-21177.93016172899,1647.2615598136804,7.1049654482698426
47431.92957222796,29193.731459870734,7.392031567514591
-14775.176901535287,12130.991047252292,6.98933526597456
-3408.1233198386008,8182.986052738446,7.038783541388542
-17624.254594989285,15162.517929760601,7.039660349862076
-2268.0409922585272,13142.847910975364,8.025516386489008
-14570.225936585419,-690.8616218267321,7.119635638017636
-21952.347898803037,12984.485197452877,6.839476438228843
31225.66370234539,11812.25210322364,7.183111701743281
-19351.05462213088,4070.4085361356924,6.652863029353347
-28536.473570146696,-1765.141825124982,7.6638772587034705
-22474.056447636674,3342.120384077964,6.529418838262226
-9273.096259891337,-3122.75908523407,7.149131598557407
-13309.92832535777,-458.8408492101453,6.927557906278317
-9578.861742711759,2294.4508931512987,7.081708586105575
-6297.0905214785325,-4244.805532569454,7.218176838403408
-1778.6472517355144,6874.019602791316,6.699500340161678
28009.176741867817,12844.178682774898,7.07326971745971
-20371.923666084705,22101.707486068535,7.68937110752969
-7907.810164244536,11650.783292823227,6.946975992135418
-23107.98586045311,1522.4139274742265,7.0326242610280065
18343.863747517917,23097.582233808458,7.593877844605118
-36916.454642408535,9566.538636379411,7.476472381163905
11952.893527434351,14795.232591252987,7.443078374348516
19747.500971072328,10490.226623711082,7.057036981697891
14116.620711321413,-527.3029481207429,7.7306140660637395
21639.323041706837,6565.435900698316,7.143617602704121
-8421.979508229868,65.3667400262069,6.771935555839602
-5479.475435533056,14549.013859689143,7.399398083331354
3996.6138694134384,9231.956357334435,7.1284959456800365
-2853.1200213199295,10126.505050198402,7.142036574706803
-8509.639174209045,13447.936858191546,7.237059026124737
-29596.236552995644,14140.85701682305,6.9874902470009905
-5224.3918348988855,6256.183283535409,6.742880635791903
14651.619424230412,5888.237150264045,7.226936018493289
45706.97392039337,5975.975817358716,8.231642179973411
-11007.24005834133,6874.624266861552,7.138073034044347
5543.972339336576,-2748.122575024174,7.472500744737558
14072.061007086362,3425.2026649607155,7.427144133408616
14357.411033024011,2646.8003222101056,7.033506484287697
-31161.52656122807,-334.4630828754634,6.723832440821209
22224.858182370237,-10137.667526402893,7.433666540166168
-14320.946067349698,2362.7014607555766,6.716594773520978
-20788.102035829237,840.8774251516635,6.9985096422506015
-3369.5016907885524,9821.693574012543,6.873163834212518
15488.372674379634,12189.28672477552,7.110696122978827
-7386.521700810427,6326.879092036667,7.226209010100671
-18127.528345726387,14672.894942369658,7.4109518755836366
-5637.628692692516,2777.000449619491,6.777646593635117
-8262.991709891201,6189.813983362671,7.547501682814967
-3102.6905612906903,9203.983528622643,7.154615356913663
-37409.29959060797,9163.46346490547,7.438971592395862
4290.855485656451,-14802.732030625986,7.433666540166168
21916.229596285255,11192.96829832059,7.757051142032013
-17859.537883448436,3046.247794588213,6.678342114654332
-28316.71085100381,740.2793778237948,6.966967138613983
-19394.76630871956,6332.8976089136795,7.140453043101158
13249.151526613134,-11197.605293093642,7.430114138561801
11597.713285603651,7144.945190478758,7.364547014255642
-25750.567617060882,-3146.4470184440083,6.6895992691789665
-31975.367844359553,-2109.3587769983787,7.10002716662926
-12221.186596107442,8215.795247744203,7.175489713624222
-10440.080217966573,-2876.5816306238253,7.271008538280992
-7943.924514004608,34483.472566775636,7.5745584842024805
46028.95813023961,7228.930406989407,7.757906208351747
-28725.85598373069,1076.7567559069337,6.628041376179533
21255.545019628364,31208.26636256346,7.5256399750415355
-27830.509796120095,18188.925885757802,6.677922739517131
-14818.940532920313,31869.323857807827,7.590852123688581
37907.62585684211,14985.396290696921,7.3901814282264295
-25744.84351221395,41716.54851811331,7.293017679772782
-17252.751375669894,-2068.1660204794043,7.614312146452
16085.21257002045,1222.0365109021818,7.365812837209472
-26140.69051746834,12326.525384992536,7.065613363597717
-1039.299603387296,3658.335666534328,7.3901814282264295
-11616.977992868762,2013.1362337743656,6.7661917146603505
-40156.74241811089,42327.99235651324,7.183111701743281
11101.652649782623,-1811.5568164787258,7.616283561580385
43135.488741559224,9164.050379502554,7.873217054862741
-24809.71969322774,-5714.536617688197,6.852242569051878
3034.840763880046,25451.24557654469,7.682943169878292
-20749.3608350485,-13923.281615890313,7.190676034332207
3117.9934360246953,5959.591639202698,7.553286605600419
-30840.657831202123,47590.69651301726,7.205635176410364
-28902.551701839562,-7109.779619324028,6.473890696352274
-12893.626193842367,3237.064305271555,6.606650186198215
41808.28139578859,29979.68277152088,7.80954132465341
-2811.4995439295635,-2528.342820738642,6.943122422819428
8027.516618843061,-8032.571763181943,7.3031700512368
-8028.318351839446,12825.717771839532,7.528869256642251
-27744.546173620176,-21509.18229403537,7.484368643286131
-3826.595755468387,-641.4729286011708,6.985641817639208
-949.0023110908701,-13495.565756781729,7.122059881629142
-1960.6280239521868,95.96705486477681,7.129297548929373
69782.46373396042,11554.77431198017,8.29054350077274
-2228.5095129539463,866.7826427595859,7.664815785285735
16405.383126143748,2022.2174186433394,7.981049759665957
-21470.907063487815,2551.4544670126934,7.088408778675395
19699.839763162752,4387.338501748582,7.342131730584722
-30085.325696665244,15458.56474105442,7.543273346705446
-24889.96262360875,-4207.538032761951,6.86484777797086
-27263.12760131727,427.72389784122186,6.705639094860003
9610.844123180768,9333.77732319118,7.23561914106675
-2958.890212103491,-3496.218783210035,7.257002707092073
19963.449750412135,-563.5030584644782,7.64826303090192
3859.229150489489,3237.863504664919,6.927557906278317
-12143.980985217362,948.7401970161046,7.293017679772782
2913.245226055488,3966.5081426625125,6.827629234502852
-19957.760383869343,-1333.4938112378195,7.045776576879511
13376.292042262927,4819.202337402823,7.259819610363186
-7636.430972875515,-654.1922653665002,7.781138509845015
16676.17229807068,2193.0412143454078,7.148345743900068
-17786.494168240137,-1906.4668633482606,6.6052979209482015
10672.877518419516,8903.800950515222,7.3864708488298945
33170.45235320472,-1740.125987592904,7.65491704784832
-18007.123907259003,-3230.297225591719,6.826545223556594
1818.7469686984236,4435.8230689319125,7.201916317531627
-13429.453557203924,-1520.9395169242612,6.481577129276431
-11494.20418083515,13319.220813309677,7.842278779117352
-16196.527641947088,2626.4240261774166,6.742880635791903
-15459.258521125843,-1501.2546377771146,6.835184586147301
-4109.866986095568,436.86887154971413,7.31986492980897
-17116.577962057756,-5951.814038773824,6.771935555839602
24292.4297070814,21517.266663529565,7.455298485683291
47567.03334183182,20137.369659774602,7.424165281042028
2223.4184001483304,12504.079770897033,7.2456550675945355
4334.473031680252,6099.637308796382,7.48605261786314
42429.73385941792,23073.434492749184,7.698029170272805
-11860.088845324643,23889.319573496912,7.60339933974067
21380.561933294408,6535.241457751259,7.253470382684528
-11842.846654471787,7138.903895761364,7.038783541388542
2526.274753247421,-7910.884065050159,7.3150853136998135
-17898.29497407563,6606.677777033575,7.29641326877392
40643.08414985598,14063.273346879167,8.082402253926244
-17980.318936754982,-7990.4512869286655,7.095893221097532
-1993.911042067547,-5162.643404148871,7.066466970136958
56435.447817693705,5783.2697817578,7.775695749915245
37237.21718372162,16954.440288438705,7.344072850573066
17484.46355343438,-12084.080670289824,7.256297239690681
-6762.4864565256,3722.2533676328453,7.19668657083435
-22203.63086153685,-264.4369001725918,6.82001636467413
42588.602654792834,18710.40155909756,7.729735331385051
5228.715166490737,-2895.834767833328,7.140453043101158
20990.348775237904,-1351.4411579655289,7.334981878871814
-19117.42773642521,6648.696912342062,7.666690200080086
-16304.155773440858,829.784413854995,6.840546529288687
-15747.271298742957,23089.2460373922,7.603897968521881
9856.037363505568,11127.258976674237,6.966967138613983
-15403.014007357522,6908.879575007445,7.6787889981991535
-32627.33184099523,24519.274333110225,7.649692623711514
-7864.798634656934,25330.563405914923,7.547501682814967
-26905.223683777094,7309.675405366816,7.47477218239787
5952.469614200893,2196.827337610559,7.181591944611865
20151.318873712004,1618.349368605042,7.0925737159746784
4866.615627097944,1503.391712785415,7.146772179452637
14113.740126033947,6310.356905599904,7.067319848653476
55554.91612050474,5166.045467946629,7.6624678152002375
-19736.946208156176,5317.268617100241,7.738488122494646
18164.247210394624,3165.722333957507,7.409136443920128
-20247.972975200148,-2815.37132585479,7.00669522683704
-17432.024689347985,-11367.566721471825,6.937314081223682
-7993.434093208607,-8565.67144804303,7.359467638255621
-27955.617691102932,-14505.639265313577,6.846943139585379
-7730.69540469824,-2547.1396170887224,7.293697720601438
-24627.7349574931,6311.557641700114,7.690286020676768
-22471.220820476065,9273.0578208315,7.271008538280992
-18745.92122779837,994.9050490717956,7.682482446534506
29735.187793841968,9022.643820115194,7.951207156472972
-793.0990349120077,2359.202056499372,6.873163834212518
-34427.102895370444,17196.76113433805,7.65491704784832
-28688.434905420854,3983.1475768606665,7.002155954403621
14699.615342448307,6009.430266202418,7.706162970199576
-8905.174619456668,-15901.159321836638,8.207674424355282
-28351.406962885765,10880.38458417522,7.3343293503005365
-5730.186734792796,-2938.330536806096,7.170119543449628
-14379.275496523893,-7117.3651874543975,7.425357887027151
-25394.494260814852,25048.84891992271,7.613818684808629
1983.7082849076683,4540.04722364531,7.044032897274685
3353.1413851377256,2942.1631816349145,6.504288173536645
16690.529590849335,7328.798168513589,7.3758821482150125
17834.18955259577,9420.991873234936,7.905810312658931
-7932.517278475691,-6975.411599784261,7.063903961472068
58663.27414369718,29262.686327722477,7.388946097618437
65221.66710062359,8221.570774568328,8.299285906897275
9096.105581046224,9891.869956242785,7.088408778675395
-8729.438469485138,-435.7713798959257,6.760414691083428
-2407.1467400963134,-1654.2369976143061,7.221835825288449
53572.61496918274,-1373.1380255021961,7.703007682479236
56783.76069809314,7646.054467500635,8.313116702819253
61906.488627876475,21658.817634143634,7.928045600874777
70858.61352335016,16864.32393216015,7.312553498102598
-8145.303191188767,2872.250258785807,6.663132695990803
-17167.48224613045,-6068.504982474046,6.903747257584598
-10063.542690098677,-1362.1674671046283,6.7464121285733745
15388.21951216521,7490.759094141649,7.559038255443384
-18454.821863544832,4959.5525615134975,6.9874902470009905
60310.448946481985,18763.443364368984,7.643118681675162
13163.289563183114,4112.021366485859,7.099201743553092
48471.24750087427,16046.837170857863,7.783224016336037
34416.23164876403,21100.238212049702,7.662937850461535
-29281.226471839924,17699.22473934941,7.203405521083095
28917.23536146189,11206.6898453482,7.257002707092073
-18181.648511674583,-4497.976324172295,6.70196036600254
-9666.225368801,3459.2033278147405,7.9868449011613825
21992.3898917456,-8408.67156207108,7.646353722445999
-6599.44699489562,10624.15277755932,7.277247726631484
2555.762011298263,5569.170012883148,7.81035268372429
-331.5859996166002,-2164.917313627145,7.071573364211532
-23698.96687012475,-9044.407716976937,6.690842277418564
28088.60705618108,14776.21125145063,7.638679823876112
22852.50025255354,8376.941965678638,7.763871287820222
-1858.0427951870927,-1202.616400034977,6.949856455000773
9521.104120663906,8400.395836997104,7.026426808699636
-35695.02002812015,-13982.856125335136,7.239214973779806
-33866.15002572719,1716.469580662128,7.5595594960077
-27158.18298719263,-3431.740314698354,6.555356891810665
-13576.25889518656,-2790.41382988317,7.242797922793756
21103.709370890687,4639.400106685237,8.021256180143997
33353.95006764771,-5458.728401952264,8.215006432761575
-7817.494548516201,-3802.4946417440565,7.2078598714324755
25592.162460958858,12163.715508049836,7.936302693201959
640.8600938537655,4972.317262907553,7.6290038896529575
4735.374439116851,11543.703934909696,7.128463868180796
-15693.107186717647,13545.723643468764,7.014814351275545
21581.709692013246,3622.0045541249956,7.738923757439457
-15465.451699449011,5186.341232835347,7.1785454837637
-19531.471654777022,7868.589547368279,7.832014180505469
-10310.27988838683,6020.43716477525,7.303843225277705
38835.47224005902,-11945.979758033594,7.693481640835175
6853.896466781874,11275.009847406485,7.388946097618437
-24106.22839771793,-238.97053642858882,7.305860032684009
365.95891612793486,-1761.0674727302778,6.767343125265392
20541.018710351644,-1642.649476439293,7.886081401775745
-19877.778642234884,4693.550616426383,7.502186486602924
17395.84720867175,-6634.215675081658,7.360103972989152
67843.62373341064,21960.086056519165,8.16876982367527
1356.4023588126445,-9965.51217059159,7.224753405767971
-9384.280966795492,2342.4421209893894,7.049254841255837
-21134.51479439335,1036.2116546430286,7.138866999945524
-6766.40501285634,4738.456624345297,7.785720896534624
32078.986888456566,8596.222540391142,7.8343923029104365
-12882.724067969433,-6133.529881571585,6.780002712288264
-19610.61883470579,-2119.739287494423,6.431331081933479
17417.953978700414,10485.523720296736,7.289610521451167
-29366.627014903308,16917.746174825363,7.221835825288449
19353.27818812377,1832.031389849151,6.9440872082295275
-19680.980049759823,-9011.166131278997,7.083387847625295
-3619.816403512031,-2301.373845816524,6.526982783464344
-9178.607762794818,599.0913999062345,6.70835615568171
5447.559050419594,-2225.719690967821,7.288244401020124
-7841.455634499616,16456.864566654313,7.600902459542082
-7873.136779913042,1092.6785045904537,7.189922170745808
-4160.009717254865,-2720.6221612582817,6.97914527506881
-14759.540139600262,-2824.606506949028,6.884486652042782
-10682.764463300422,2072.152906047914,7.16703787691222
-8286.907646032954,-4314.305344524321,7.113956109566034
-5839.983440450256,24196.178198602753,7.715569534520208
-14767.323746672833,-10315.628000857336,6.805722553416985
-17361.222128902966,-5607.965540914648,7.03039760027449
1068.9511458108334,-2777.642985453014,7.1459844677143876
4249.27491171256,5408.628301370605,7.0909098220799835
-21123.425646559386,-9992.243516000017,6.635946555686647
28893.542518096245,-14262.867525904056,7.694392802629421
20247.487343311244,7264.255640119894,7.974188669286011
59380.563754201816,13992.512641652671,7.9854843567338225
5963.860933145508,-3075.31126247296,7.142036574706803
-6723.080382504816,6042.007306056808,7.917171988845776
-25971.33270631004,-4791.348423068349,6.92461239604856
31356.42272113124,4118.046872634307,7.86403565907245
-5046.851859025296,-1370.543674859741,6.984716320118266
-4187.105617507679,19542.995568706974,7.703007682479236
-1669.633917350822,-7549.632996227625,7.431299675155903
-24496.23271056532,8782.801901348514,6.78105762593618
-15473.534834043441,-5113.829873410495,7.034387929915503
19140.957047755015,10055.644177534608,7.256297239690681
-1913.1630308256742,425.35591592785863,7.294377299288821
20394.08037215924,-509.3244830875682,7.411556287811163
-9183.059711382733,14527.1639414642,7.428333194190806
-13872.654079366568,-7227.716390027774,6.970730078143525
-8210.293399782746,-14161.338732646413,7.315883504509785
-17523.550857699913,-14042.309437845395,7.0431599159883405
-5422.832920138096,-18893.771703747425,7.390798521735676
-9819.962071776084,1889.9688484892279,7.046647277848756
24044.579980121605,5578.887783182417,7.207118856207756
43212.207760012076,18495.05308805982,7.406103381237015
-11721.449243642073,583.3858663496871,7.589335823170617
12585.752094405605,8184.847858840862,7.70210434005105
49091.273650699506,15047.203724547144,7.532088143541722
7351.596807875044,1699.2444738398292,7.99799931797973
30376.074378483794,-3579.6060532420015,7.188412736496954
39907.597430726826,13757.360569556338,7.332918433754719
-16514.78581871292,1673.3994675029403,7.156176637480615
-23489.151479981756,-4019.8257636332633,7.205635176410364
19970.69435145036,10585.098808863446,7.895436006942965
-27402.885632933205,-14223.903700133678,7.277247726631484
-14813.18796718243,-3267.414581922367,7.83241092718792
25406.71022032742,15041.309849985975,7.72356247227797
20559.228869763592,8651.087499207659,7.59890045687141
-33383.25211165776,-5434.09170930389,6.831953565565855
-2145.852522534998,-4814.2975728816255,7.254884810077338
36196.785879654315,-6016.604602241718,7.469654172932128
-14935.639989168347,-5647.520128286621,6.483107351457199
-8963.572817799924,-5080.930480006769,7.237059026124737
50168.78257775847,10587.504419301062,8.148445666243235
-11963.672388444113,-4932.7982780988605,6.68586094706836
-8992.610017178395,-7006.523604673069,6.8658910748834385
-38364.09474968909,575.3376207391183,6.837161126128212
5163.754050208106,-8218.876312785776,7.967973179662935
22107.51872129191,4824.295252029282,7.95892649305011
13467.861628560418,12853.24756374571,6.81783057145415
10104.342843327153,479.4275935509964,7.1372784372603855
18859.510319980527,3119.335697545249,7.221835825288449
-22178.52143475118,-2741.653670601895,7.7488913372555315
-17671.954054274636,-5717.687190141684,6.952728644624869
-19552.02420816717,-2133.9089110855616,7.046647277848756
-29411.98751912724,-1309.7798908169766,6.493753839851686
-15013.942708644841,13338.69249639185,7.828436359157585
64123.41253962758,15036.009014130386,8.108623268354595
-10806.049442067188,-4258.917383833743,7.441027091577958
-24423.111021936034,-5093.049458302226,6.664409020350408
-4335.191127803341,8673.88598611572,7.705262474866325
10153.917594469835,-6881.828572020098,7.887959336599945
-17528.407681988312,-13186.901255081231,6.99117688712121
25899.034596047495,-3730.022017587353,8.080237416216702
-7319.1960916605985,-1170.0684610700885,7.142036574706803
-7015.692412532895,-6130.074803982935,6.762729506931879
12666.340937756971,799.4796949328539,6.828712071641684
16222.346809455363,15303.090661880015,7.277247726631484
-4207.551531182374,-3338.861025828236,7.692569648067906
-31192.442518047912,3807.5926382349858,7.148345743900068
-9716.058478243784,-9042.979494855566,7.373374309910049
4250.715863348399,-2700.0205186221547,7.599901959208498
22754.136678947067,5869.6113889816215,7.912789220690681
3839.0215265488096,6958.522318577269,7.653020413804189
11069.738459705914,6962.90364687676,7.737655928426526
-11820.003688610406,-8571.862181200311,7.312553498102598
-8402.83014650888,1418.5472099688957,7.7823903355874595
18604.45259790109,-11243.340867567442,7.2399325913204695
-6848.081164665774,-9691.05005836468,7.061334366910438
-7058.852997346503,-4085.59187263905,6.726606367703934
-22114.932941919258,14666.1363819144,7.45182223652793
-17545.258276637032,-4898.143681057497,6.635946555686647
-3609.940022435976,-6266.900920011449,7.05617528410041
5222.015689095295,23.395245160561775,7.07326971745971
18913.129690907783,5664.060633633376,7.922623574217286
31129.381651867796,4390.765476587896,7.277247726631484
-14415.646791191697,14380.430183217379,7.60339933974067
-21650.452989844867,-11666.187433075062,7.539027055823995
47016.82951517049,-3808.109382299711,8.116417072794205
-21676.85477935693,-5286.524913248785,6.975413927455952
23986.46106783284,-8055.508370926866,7.595889917718538
26612.01827292464,-10821.61726348939,7.923710333969238
-21042.187182725105,20751.330754838233,7.607878073278507
2627.5635019949364,2578.9080596169133,7.676473646389156
-21034.80769348089,29313.83705493693,7.605392364814935
12387.331083531592,778.3479452238804,7.00669522683704
41893.75277762453,788.7060549010572,8.412054873292933
26912.944007416554,4914.6324622136635,7.909856667269403
1397.3668416242301,8305.726305100932,7.70796153183549
59685.875084129824,6370.923780759332,7.645397699428633
-23449.91016541751,-3198.707292186185,6.695947237331673
-28111.870728957252,-13819.632201795785,7.1252830915107115
32833.58453492099,7466.646503421086,7.236339342754344
23364.470919320513,-2581.4841141268394,7.970049304976135
-26999.85527875201,-1152.4425928234937,7.142036574706803
-6869.023599461807,26.59260596592949,7.262628600974241
-4642.572338451189,-3186.1892392982204,6.755768921984255
-30831.552431394688,-1219.1123761819797,7.566311014772463
-29367.205394925077,3172.7770932555,6.81783057145415
-32416.54517115988,-13924.834202716855,6.683360945766275
-4687.2713183071455,23290.082309444693,7.5569505720129
-6540.86661889946,-2921.512975662369,7.1049654482698426
17583.681537881723,1076.801076815575,7.426549072397305
43961.09150137197,7108.894272519213,7.187657164114956
-1189.9670864589928,-8423.142562444047,7.071573364211532
-868.608955824562,-2543.3380867537862,6.90875477931522
-856.6900321603953,5215.817772478405,7.643961949002529
-4639.795071398173,-1411.6944780907727,7.1770187659099
23370.179958217803,-18592.37686380351,7.7336835707759
-16750.37799172158,-4016.1662760353097,6.936925656281916
30493.784698103955,2449.8690900187107,7.509335266016592
-26944.266514463165,-5293.6531708832745,7.014814351275545
-21994.067505942912,-13120.00106462283,7.362010551259734
-19234.906365257713,-12871.444431375643,7.152362821860369
31404.56801518368,-1893.5127690688123,7.638679823876112
85023.81880292315,20698.89039358568,8.005700678662542
44075.7744542859,8882.599039238205,7.820037989458753
-18669.83660849791,-4020.818101042523,7.715569534520208
-24256.785007892526,-4221.349274487039,6.682108597449809
-10904.361276119811,-7230.591326233918,7.316548177182976
-31993.58392482431,-8098.61578425156,7.454141078146678
874.641343220642,-464.63955111934916,7.027314514039777
232.12500697081376,-22614.736936066005,7.465082736399547
-7080.2641884874665,-3895.3465334696766,7.228388451573604
-3122.0296454461472,4193.366098397288,7.589335823170617
-7311.03230036789,-4008.003808418322,6.666956792429207
-34774.89175883822,-37.735957597361455,7.4673710669175595
37307.87864627899,8407.378740717748,7.3777589082278725
-6052.961579259571,-6489.4899259803415,7.05617528410041
-21275.714264323673,-1042.7164201629062,6.604282520624032
-5967.4852244594,-16666.81580591452,7.104144092987527
48723.63113974875,6769.22143820506,7.524021415206125
27611.84260148561,-6237.293183049072,7.509335266016592
23948.061600125675,3865.908470318582,7.353081920515432
332.9905144270811,-2095.5050553132796,7.183111701743281
27896.23038658555,6914.859354598304,7.715569534520208
-32774.46156553707,-4367.435124659582,7.578145472419466
-6454.892340158296,-5417.305641140488,7.6544432264701125
-4694.74862739277,-20768.330485433657,7.492203042618741
6554.477476451237,-5339.183538031129,7.352601343814152
-23580.369841809836,-5145.004875970247,6.742880635791903
7898.108783998267,2010.4787687722558,7.304515946460155
-22463.925109234966,508.0049203993656,6.566672429803241
-10066.081366005392,-5819.891211383545,6.895176496775277
8139.724979904167,-13097.978081077908,7.424761761823209
3300.015722660832,-12397.316010855342,7.407924322559599
-15802.552023848652,4125.285315743786,7.537536583920263
10967.334264937272,-5399.873735594615,7.149131598557407
40663.57270537796,-8587.758434687765,7.2682230211595655
-4221.041856280964,80.57463850186463,7.794411205726601
-15254.683373713846,-2533.376645638322,6.551080335043404
19527.443065469346,1691.006147336568,7.13966033596492
16034.817127871707,-3083.5693880291287,7.8083230503910555
-17964.946919962098,-7329.946681264894,7.271008538280992
31966.978444917895,-123.77937092889474,8.015987811027237
-5973.79745645549,-310.00684781669815,6.990256500493881
-1861.2402036629746,1385.4787397405203,7.6004023345004
-17855.37827472807,-11077.323318494791,6.821107472256465
-15845.866185461442,-10967.893296522558,7.013915474810528
-8956.005863909473,-2844.681462019907,7.282761179605593
-15699.635530893931,-30387.341675359967,7.394493107219038
-19263.419208004536,16141.003187795657,7.6624678152002375
-15866.673813988402,-3872.9689685374587,7.112327444710911
-5386.389361465977,-7599.896675985419,7.203405521083095
56779.952476776874,3021.1667818056653,8.043984431221553
8885.402140141872,-9372.57901278469,7.283448228756631
-1021.8503756258509,-6229.762429951707,7.336285660021297
29491.47823081632,17729.928860411008,7.848933726364071
17085.243239421885,-2087.1765408984793,7.331714969726466
15368.235480732428,-1163.57568681755,7.370860166536716
-3874.4743971367984,-8685.334243539039,6.75343791859778
5735.923664163276,-3205.6715321724087,7.1731917424865985
-5471.766354948493,-11179.663535927108,7.325807502595773
-153.28802017730428,-6284.874948245387,6.771935555839602
-28259.720827125027,-5293.644180154818,6.940222469119639
-31949.023433168175,-6644.797910677267,6.519147287940395
-9691.991524910654,-6256.581276908152,7.2813856635702825
26377.643659274145,1504.6280056097714,7.268920128193722
-6975.486422522427,-7401.242960451002,6.703188113240863
-23726.73975311796,-12315.192887110612,6.785587645007929
-1014.7344437996275,-10499.883869066412,6.637258031284457
5452.914114554066,-9547.759460343172,7.171656822768514
56907.39995342246,14743.02165253452,7.122059881629142
-11790.958654145737,-4099.404487941259,6.994849985833071
-12784.037919604474,-14056.019438950389,6.872128101338986
-20255.35577603487,-2034.4653525073645,7.122059881629142
-19261.44098060221,-6031.879292892815,7.430707082545968
18844.150409669004,-1798.955399281019,8.02322468471667
-25127.867855616947,4519.008439286626,7.4127640174265625
-3677.9846177111563,-6664.646355537347,7.255591274253665
-12657.998528438373,-12039.826724508677,6.946013991099227
-591.0687734767351,-7585.7042047547275,7.760569325771231
46743.883872645136,-1304.6432123995219,8.167919362957816
-4212.665751813552,-9209.32042988425,7.112327444710911
1995.8014418728083,-1896.50752992054,7.311886164077165
-11016.871899357033,170.98024937940764,7.640603826393634
-9054.35718511931,-6095.586838906515,6.762729506931879
47749.099662823006,7503.287289544486,7.4067107301776405
7322.4880726194715,-6317.100537920414,7.459338895220296
-14006.341472083266,23.800560302953844,7.453561871643373
-3572.2312004874325,-9052.253914171128,6.785964221928215
7486.277784904448,-12532.185009924975,7.733245646529795
-18753.18618406434,-10093.059434906685,6.7226297948554485
9038.935438108902,-594.4509325373757,7.244941546337007
-34149.45388229521,-2860.9034053436217,7.698029170272805
16128.801425390318,4751.048623680242,7.900266036767701
-21962.78355033816,-12623.023806631272,7.80057265467065
2327.2529037550926,-6419.876277423776,7.384610383176974
67270.3691439496,-1511.6680117584904,8.056426767522984
28045.062103163153,7861.4891515282425,8.07215530818825
6158.038286791598,-5252.324301574018,7.226936018493289
24446.045066071434,-7408.637923025989,7.53689712956617
-14972.233657432535,-14036.726752918557,7.266128779556451
-32102.651498362295,2440.7292725192733,7.1770187659099
5698.245523993713,-4374.2968779941575,7.04141166379481
-9020.865299073968,-13885.78814723095,7.273786317844895
17914.850789226042,-5048.078505690626,7.199678345691172
16229.39561671668,4204.587620204487,7.983781068977451
9945.416693314792,-1339.0960275942823,7.239214973779806
-20920.670085581973,-3628.001774321506,6.937314081223682
-10869.271347830534,-16962.211288286202,7.00397413672268
25969.840447351955,-8547.78946155585,7.957527402230773
11257.037756612688,-2061.7523646021045,7.7057128238944275
-3932.153940636686,25482.887658570977,7.721791776817535
-12293.208719009805,-11459.475386091515,7.117205503164344
15462.629540080039,-5255.8620960333365,7.738730165337411
-163.12206618338232,-15196.477381669336,7.69484807238461
6982.008212271183,-19180.85981262163,7.408530566894626
9935.552211163062,-2238.091273093231,7.460490305825338
-8814.315453996216,-4999.852610653132,7.05617528410041
11524.748945057363,14731.034948308004,7.973844375944687
-11321.498620267155,-2267.161385467295,7.158513997329321
10097.01184531879,-4684.0130862860215,6.906754778648554
16511.056225641085,6835.32539964742,7.708859601047175
21211.99797896876,-720.2235503548233,7.750614732770409
2482.177576420315,-7802.573979290024,6.907755278982137
-6931.79081448196,-10279.770254765526,7.249215057114389
21204.893042278392,-11128.99371899047,7.803435056952168
28384.75307513025,1654.8070419789024,7.650644551436897
8588.763181140594,-7975.892451361434,8.039802343736485
-23468.597138431753,-12560.141190553519,6.665683717782408
-14222.57121216347,-14435.777942785004,7.177782416195197
-12724.19111678702,6651.0467236816785,7.59337419312129
13720.656002994338,-7374.118762232727,7.283448228756631
69.7241239468132,-5310.876937142049,7.242797922793756
-9223.692201875672,-14715.63856227778,7.15305163493748
-15341.235402069184,-17989.35134193691,6.748759547491679
41972.316888280046,-3309.609513651204,7.6760099320288875
16357.768413019061,579.7619172194454,7.571473648851271
15044.47346044099,8558.835448682266,7.59337419312129
7908.471374464882,5814.988689130342,7.759187438507795
-1804.559442599144,-12300.910584744632,7.160845906664299
-9379.191432443198,-12406.448847982841,7.266128779556451
63856.05098207595,5842.042921821346,7.674617497364363
5702.684314805595,-16294.11605003393,7.543273346705446
-12825.308510828267,-5650.015815006214,7.259116128097101
-16836.89008298887,-10345.696869032427,7.254177846456518
9485.256935303767,1169.0392720646269,7.392031567514591
28717.324572700152,3417.730195744594,7.097548850614793
-30257.34632022181,3196.724592649278,7.6290038896529575
-12270.783222910226,14118.20836090986,7.841885928984623
59948.421724953514,1826.955949511984,7.693025748417888
-7997.275684118947,-1977.2729397061812,7.8804263442924
-19707.62727519674,11717.182174589783,7.652545692693921
-28765.686300392466,-19628.358168968985,6.8776259140006255
-26494.070045051372,13447.44294514136,7.725771441587952
-15327.380674798873,-21130.51249704432,6.878326468291325
-12812.889122815777,1863.4708079088732,7.565793282428515
-15878.257103384018,-6898.303522492337,7.13966033596492
19721.50206354549,2091.723317461827,7.2813856635702825
2664.5691816118665,-2912.5191413925204,7.731492029245684
-9515.380672488405,-9598.993988876551,7.1180162044653335
1268.6837677422461,-6308.079839776554,7.080026499922591
-25717.000175728223,-10053.403812260116,6.894670039433482
21738.02980260765,-20131.433016871655,7.615298339825815
28714.461826929815,-3559.485275496503,7.370860166536716
-6593.248301863401,-9519.50933625982,7.289610521451167
40718.906837176335,4294.313762370002,7.432483807917119
28144.33993286965,-16044.38847345312,7.31986492980897
5626.1357095507665,-22370.777330022673,7.425953657077541
48027.59297828188,-4629.9039013853835,7.232010331664759
-2702.1786780424404,-238.60621766624269,6.849066282633458
-12535.692985331083,-12301.053010597108,7.487733761436444
-2309.062076975323,-7703.562649152034,7.142827401161621
14460.849636648521,5455.3669886128355,7.633369649679584
3346.0362976565298,-4859.7424569593795,7.0587581525186645
-11304.478738222484,10779.648987709428,7.62608275807238
7200.103311455646,-9529.12096381505,6.705639094860003
-15393.046947370503,-11825.8241654636,6.398594934535208
-20411.108075349195,-9565.197531833737,6.61338421837956
-26993.999492525105,-14074.11052636478,6.464588303689961
4288.990676435627,-6997.736031603142,6.6052979209482015
-27832.100619123372,-17438.75883513057,7.221105098182496
5469.841694427117,1238.6262257414544,7.704361167910313
-14700.651225860684,-10477.312257712083,7.167809184316444
-520.6397403509875,-7783.73793034116,6.690842277418564
14962.924678469772,12733.596211844562,7.581209826196346
-28815.373407643066,-21185.546399032544,7.8343923029104365
-19233.853670496257,-14264.216383281155,7.769378609513984
942.6155545316971,-4090.1569036435008,6.741700694652055
20611.862839593996,-8516.432563021757,7.5745584842024805
16507.960034952142,1849.8305569014415,7.719129840906732
25830.833539696247,-1870.5265665953623,7.692113339595466
10428.89481369212,4240.506705230701,7.734558844354756
6779.452163548707,-5258.032309143388,7.371489295214277
46886.65379433931,2560.461203330926,7.587817219993427
24378.847763361635,-6892.235891474551,7.138073034044347
28754.10295420585,-1571.001998105078,6.966967138613983
32550.91109613311,5327.288831828235,7.753623546559746
6794.022188773962,-4777.247922090065,7.908754738783246
23769.31784104257,-10193.664920062909,8.287025025165063
-17729.96485817333,-5801.238491662858,7.653969180478774
-7135.397830643436,-4011.704232883926,7.9229859587111955
13371.7358600082,-13895.0800369568,7.631431664576906
4835.658039520785,-13435.404360206865,7.57095858316901
-9319.646225869648,-9134.485647881127,6.576469569048224
-12733.240749167611,-11011.902400344778,7.4377951216719325
13875.372517173768,-5677.375581245013,7.135687347028144
-19544.203911810942,-20475.383058382333,7.076653815443951
-29399.548821601707,-10672.004571765649,6.668228248417403
12293.352681471908,-15621.572094042333,7.299797366758161
-27050.386698886035,-15714.949213206792,7.034387929915503
-14618.205481319917,-16667.717364323697,7.195187320178709
3306.4365514178894,-1146.1630386915692,7.156176637480615
-16554.722985842982,-13764.764451628831,6.7357800142423265
43730.29036013005,-422.3292033251395,7.318539548567902
45864.09241916704,-1388.5516898016,7.850103545175582
30742.879948131587,32048.243296032295,7.212294468500341
-20986.56998448816,-12288.123703442596,6.999422467507961
11718.33835202272,-16266.027844472024,7.205635176410364
34899.137518829666,2197.3403471322204,7.907651594711089
-19409.607253754686,-17400.961624336534,6.586171654854675
1564.93565214959,-18574.907017459285,7.271703706887368
7597.544014764349,-6540.58808608104,7.183111701743281
-4681.168372627776,-15250.37274003069,7.0326242610280065
-19341.517497951463,-11277.800088662494,7.203941091925139
-20541.26512196768,-12974.680098219358,7.300472814267799
6643.423960089952,-17168.1636056895,6.919683849847411
16204.882970497843,-4338.680083404287,7.853604813097837
-40902.099113522265,-16117.47082730365,7.382124365737512
-12853.022409999492,-12648.991895821646,6.871091294610546
8227.10892679045,-6267.824505185689,6.937314081223682
-20535.87249900798,-14473.255019093807,6.401917196727186
14829.128175997444,-3886.13326647204,7.887959336599945
39169.192662740345,-22.356148204345157,7.860185057472165
-12350.855145664913,-19842.71141310481,7.046647277848756
-16397.714543602702,-11824.890033825784,6.792344427470809
-28163.250171963384,6178.058621555943,7.6708948313621175
15308.480798558656,-2211.591046609432,7.724004656676065
8885.690098070752,2467.9034764941753,7.693025748417888
-8757.04905817246,-11195.418137895915,6.726233402358747
42002.25430293513,2498.349668377054,7.293697720601438
-32906.78839438958,-7978.7713334978625,7.239214973779806
5336.814372020888,-6851.066709316275,6.779921907472252
16406.794305738702,-5235.391177812991,7.777373602657861
833.8134945545125,-8876.247302230391,7.091941762385604
-4367.2416370005085,-14155.291373873179,7.176254532017144
1722.5567008136982,-16457.745464548123,7.116394144093465
-22874.707065287912,-13316.733574771406,7.00850518208228
-3580.206182136577,-16641.60066736073,6.740519359606223
-30762.2525477968,-5907.6015524043205,6.573680166960646
11181.123502040784,-4194.639063640689,6.738105100107927
30978.263084329687,-1844.7569939220718,7.77779262633883
-9166.23044104969,-1697.52382695072,7.599901959208498
2013.5393690881297,-10539.9685352591,7.650644551436897
-631.1929350071217,-10838.468438339798,7.243512974665482
34934.93066006183,-6353.696637449687,7.31986492980897
-2162.140265786318,-14649.56234279457,6.580639137284949
18131.373671757996,-8876.969359884388,7.492203042618741
9592.415825926872,-12486.968497771722,7.227662498728654
835.1011814032041,-4824.263738775415,8.09101504171053
75440.5644899236,17429.191753477102,7.55171221535131
-2770.361219590517,-10274.368129538841,6.9167150203536085
13384.621390269249,-6107.231539284725,7.284134806195205
15961.754595010221,-3466.8085467775873,7.77779262633883
39629.77142147184,-4995.710495338958,7.982416346827733
20245.108151807555,564.9532528314683,7.523481312573497
31959.03767689184,14051.938736146649,7.70796153183549
45951.59625182366,977.6849316451234,7.70796153183549
35306.034765868964,1174.6250578090683,7.7142311448490855
2813.2563170468347,-10074.44567470363,7.25063551189868
37673.55216860746,-12431.95638755096,7.249925536717988
-9022.91002132733,-14512.2986384751,6.732210706467206
-11954.730065359194,-15687.917979332095,7.018401799069201
9273.741328621176,-3263.2931664945945,7.90100705199242
-32736.57558459579,-18786.020658654146,7.025538314638521
72159.41342041419,9324.024729557183,7.368970402194793
17489.244114967983,-6212.492204136245,7.685243607975833
1991.042145974283,-26484.49534070866,7.8961806086154915
48287.0167705112,6031.627805210816,7.879291485082271
35366.90455041372,-8104.462470913297,7.562681246721884
-16640.419041301288,-16042.70833411496,7.949797216161852
-10745.817847346194,-9161.74091714603,7.1780877130988054
-17927.71946043806,12647.574271361826,7.612336837167746
-7706.891230138027,-3059.504470707625,7.644919344958857
3282.3955651309593,-1869.5705130755393,7.462789157412448
-17834.292703714742,-14714.406074893746,6.739336627357174
-20861.218823089377,-3467.8179931146165,7.670428522190693
44838.808745932256,3476.8351241461996,7.526178913346146
-463.392658487934,-10824.799918872863,7.303250856052811
16724.403395491758,-1722.8066115856755,7.711996507047669
3740.794049063032,-19914.99107687729,7.381501894506707
17587.7358400432,-4415.693429577608,7.358193752733032
-12701.748408996138,-25929.830418713813,7.201170883281678
54104.81017441393,-7292.748471436365,8.162516250140179
21837.203761817836,-3811.437845119978,7.607381425639791
5151.42224035175,-14716.846217217078,7.283448228756631
12867.376807865503,-12152.596131100776,7.2254814727822945
48603.177062921604,4423.2801183476195,7.605392364814935
-23388.070717831288,-17747.373883647157,8.018954683155718
33266.67496521697,-4527.923176296852,7.776115477098742
81428.30410501549,12619.745449595184,7.917536353943631
-21902.13328645616,3353.184643605924,7.62608275807238
33145.913623072294,-404.7344102994378,7.908754738783246
27358.003033017107,-4968.7534143943885,7.489412083508719
6663.015113174891,-10462.909915575086,6.993932975223189
-22552.089647231922,-17850.361949446193,7.042286171939743
-426.8183800038281,-19141.455605496336,7.405495663199472
21802.838649679066,-3298.202233675444,7.201916317531627
21201.460923064755,-6980.591888640728,7.696667081526462
15906.520268446655,-4943.329140928123,7.324489979348532
1551.533046895706,-11158.142276727938,7.097548850614793
-5360.847688275666,-21507.26090651205,7.306531398939505
-15408.337848998062,-27418.80078466299,7.254884810077338
-33599.42536651858,-14630.71946688402,7.062191632286556
-16535.23950490223,-14654.696700619268,6.949856455000773
22029.249629008253,-7918.87320789502,7.3938782901077555
60557.97457029838,9724.126584118561,7.450079569807499
14127.027463004615,-8420.534819741099,6.955592608396297
13414.1998271346,23172.658504438397,7.147559271189454
-8524.08885267141,-12813.902455363332,6.90875477931522
-16478.867351795358,-16664.478583338576,7.280008252884188
-17786.716470915766,-16999.15125192038,7.044032897274685
19359.17378427687,-6415.968455953501,7.894318063841624
54034.76985362326,657.4324065779899,7.838737559599282
5638.088025474451,-11055.962789669982,7.848153086199526
-26016.183286979853,-6005.1777495997485,6.732210706467206
-12358.499306443246,-10459.149913267283,7.706162970199576
1204.3093865943524,-11998.269699478964,7.195187320178709
5419.8991975293575,11587.002761372876,7.6783263565068856
-23623.41487735204,-15897.597180124872,6.597145701886651
-15673.326291171534,-15581.93881942953,6.903747257584598
3482.3066054501123,-10422.706344950078,7.105786129481271
1774.5912961369806,-9274.420689566376,7.083387847625295
796.5473108725598,-14743.810283472694,6.816735880594968
37706.21094526352,-5297.039171189042,7.735870319952567
-10446.01432220364,-19268.44991642262,7.434847875211999
48931.138571474185,-3872.1072729551447,7.555381944240273
-20273.039797255362,-12572.89416271744,7.197435354096591
9236.750367798651,-14074.511215460094,7.117205503164344
31001.302613348897,-18084.894717019313,7.402451520818244
-9961.334432060143,-23281.200317811366,6.90875477931522
15476.67214328379,2132.8279911612244,7.686162303492906
-18006.612332440374,-15524.213847513236,6.792344427470809
33620.07338642008,-854.6802734860723,7.546446273746024
39528.10668122541,-1281.0684445282318,7.726212650507529
51212.55702049697,-12805.35478545418,7.664346632098617
-12016.365067213428,-16310.672953191846,6.990256500493881
-14519.596240577517,-9115.257672477697,7.624130585661289
-1592.1011193525667,-12502.599014503057,6.760474282090501
-1051.3373709941018,-14511.119288964223,6.852242569051878
-20676.931225477474,-24778.825082112344,7.854381210652365
32123.346232934044,-3462.6035835587204,7.7475968386928855
8923.484128834376,-12416.447263537162,7.1853870155804165
-3852.224227931492,-2638.021119487443,7.693937325509272
-21210.84683181152,-14828.48130173946,8.028781162487148
-4017.716962743628,-15867.840687028529,7.226936018493289
-16622.228542342298,-13896.729105538547,7.21081845347222
9193.476195495467,-14604.450663756877,7.697575346802343
13248.180099947052,-2503.9007391480873,7.905072849498666
-7915.975511399695,-17952.08312328903,6.917705609835305
-10130.951417353148,-13364.250413587266,6.68586094706836
-6546.783078717297,-23177.070893071017,7.344072850573066
5109.340069005407,-7023.454585148005,7.535830462798367
48126.66210775977,-1987.3099334465312,7.790696031174738
-25865.264109249634,-19121.818067940847,7.249925536717988
12021.786258485154,-10142.350896987156,7.344719054149673
23065.820474826094,11487.275521283842,7.720905251936779
27262.39820710584,-10826.018421543713,7.6093665379542115
-235.23400013411046,-16494.452130092708,7.085064293952548
-6399.7531764333335,-15741.735074482229,7.154615356913663
14173.321863799965,-12106.647702757116,8.031060180240619
6807.106887930769,-14172.805419467379,7.970394907191429
-12133.458999837649,-15146.398321257544,6.677788502319802
-12442.388502070804,-17876.639153664204,7.340835554123275
2473.4552867969223,-24393.782810190463,6.925595197110468
30600.17375205245,16392.954275243294,7.701200180857446
75486.81883850995,-3405.0494368458276,7.199678345691172
-3849.8460920458206,-8681.013934506773,7.65728279297819
-11942.12195002284,-16538.556774159166,7.847371836159788
-27214.02022365181,-7334.2187249954995,7.074963197966044
5062.71962852412,-5134.7484155204,7.397561535524052
27047.826592069687,-19555.541793517546,7.37650812632622
-12497.966191664244,-19095.873798599412,6.767343125265392
-4396.766818548916,-15371.829632688905,7.158513997329321
3007.26301573529,-20658.741037434258,7.293697720601438
66223.69955135754,3709.8356973194104,7.433666540166168
-6674.658082065499,-17411.15910348606,6.825460036255307
33282.64815866106,-4108.117962844101,7.940939762327791
76457.60102573375,12406.490848388881,7.746732907753622
25763.38545319112,-17949.782394673082,7.504391559161238
2719.2347723500598,-6834.7851464675705,7.59488438721652
2814.503273339623,-10543.078608299884,7.4067107301776405
-19908.799017959765,-16199.767546255845,6.634633357861686
-22120.161043659,-22060.964434236,7.181591944611865
-1916.8908241991594,-13134.9529291735,6.652604931532841
2274.346700331973,-25979.02117332812,7.3727463664043285
14433.340077286875,-15393.141826497662,7.353081920515432
10825.16936969585,-19109.199341212065,7.342131730584722
-24472.847495067785,-23875.8649384422,7.257002707092073
-19593.095683446038,-21333.180957465913,7.142036574706803
9271.909821817748,-6452.9374738355145,7.671360923190644
-17221.069753921,-25608.953889832246,7.509335266016592
49.3265344962387,13887.632623756625,7.682021510826875
1105.7017862088135,-21956.738727702057,7.410347097821024
-1688.75147776061,-15564.078398226908,6.776506992372183
-6723.221851334863,-21645.957850314764,7.8868329989550565
-6245.9682070533245,-19380.676995239097,6.913737350659685
57824.819358332774,-2948.0883460039063,7.893945138235959
-88.04473485088042,-18186.018766767425,7.025538314638521
46974.47143469716,-342.27054282865925,7.749322464660356
-17860.540385367472,2396.1899136303864,7.601901959875166
1389.3681335848926,-24245.494859022765,7.224753405767971
-19758.943079176024,-12354.08487512499,7.089243155027514
55904.88885938261,2330.808587110328,7.910957382845589
-12125.811827982638,-7659.747873342549,7.818027938530729
-2936.6856517793317,-21293.63476723917,7.2399325913204695
-16787.800227287473,-16243.148435142755,6.837332814685591
14138.833565833476,-5228.346317544325,7.708410667257367
-12200.031659321312,-17354.263969623415,6.76849321164863
-14495.312970361916,-18698.193378608168,6.498282149476434
-5899.951299991215,-20122.305120354587,6.733401891837359
-5274.3599591457405,-16369.022752139865,6.922643891475888
-12092.447348563235,-21416.556857673502,6.821107472256465
-7391.962954551276,-23495.761694756842,7.266827347520591
3895.72365609292,-14845.065267645832,7.126890808898808
32054.854088105298,-11199.085007573987,7.937017489515454
26966.177395315448,-12352.905822475535,7.349873704738337
30495.731948562956,-17938.92346342946,7.319202458767849
29595.72326012271,-4743.07147625179,7.73718007783463
-5031.030591840224,-23177.828077867056,7.1372784372603855
16886.511835458805,-19627.200233608968,7.1631723908466425
-17660.66901109434,-15112.862319008573,7.093404625868766
-25818.152551909865,-16881.59376796413,6.365370186308381
-19066.35984819028,-23065.369283623168,6.637258031284457
-19821.59712261396,-21496.377241256017,7.050122520269059
31481.75503528774,3993.1239037827063,7.444248649496705
80479.92685705537,8543.732965727335,7.542213463193403
-1861.1439372472123,-26047.103638120323,7.379008127628304
-4368.549266749236,-19668.389658275788,6.7580945044277305
-11055.680722963567,-10128.914477569588,7.721348612617949
-18542.743268267564,-21206.921343992766,7.538494999413465
-1000.9304190208494,-21847.11097260049,7.081708586105575
41286.49741916212,-4408.942349306765,7.293697720601438
-21690.278938275933,-13215.481680907837,7.3453648404168685
-10928.468950869728,-18431.309328188923,7.051855622955894
-16469.099472163973,-27779.65573925227,7.942717540573791
-8280.835285281573,-23806.018756850346,6.966967138613983
-29475.661431774264,-23258.39685402433,6.490723534502507
-12218.774167607775,-23292.4212349642,7.10085190894405
-21010.40515949275,-15455.943967228588,7.00669522683704
14631.075796682688,-6007.974796058476,7.798523053625206
-11916.21715135059,-11305.336080378072,7.692113339595466
19093.89756668846,-19932.00552828103,7.53955882930103
-1334.2962300683753,-15566.288010121945,6.9726062513017535
-5845.878827820725,-17049.34287927985,7.436617265234227
15744.468233720014,4637.086862768332,7.674152921281675
24186.09185818036,-1034.1943913215173,7.687997166393016
-3546.459097983035,-16716.364366712205,7.00850518208228
-19708.618588566696,-9434.347449021947,7.642524134232902
37198.82800754801,-10816.029273831797,7.37650812632622
-21190.078792779612,-20174.69051793385,6.71901315438526
-1395.6972423725394,-14381.67275719358,6.996681488176539
-5289.863025809988,-15060.59162108408,6.726233402358747
27378.163778148923,-8958.890813279697,7.538494999413465
-29435.28860322302,-13609.335845337639,7.497207223203318
31172.07112423694,-13946.597631956844,7.397561535524052
-25316.461304949255,-16480.626267942924,7.385230923066573
-10892.424618637642,-18441.14467107737,7.1808311990445555
-22298.17158641453,-10101.863742215874,7.85748078694253
-10149.731211869008,-17095.3281851033,6.6293632534374485
14731.080660009646,-12024.996960322498,7.075808863978387
8071.430820104625,-20420.058609837342,7.438971592395862
-7082.441465175968,-16928.31539825685,7.121252453244542
-29940.561958220685,-19066.8889050728,6.558197802812269
22389.95944434623,-20696.373229684985,7.808729306744399
6546.79399471515,-13802.73124122274,7.388327859577107
-10463.476377958797,-15978.034893729076,7.074963197966044
-6444.152674314383,-17674.03931799878,7.165493475060845
48323.70035702111,-5574.841100665803,7.400009517162692
-21812.747854985206,-15994.629813902355,7.143617602704121
2687.265244836885,-18333.254116204764,7.157735484249907
41759.41735739278,-6101.311187266722,7.410710008367558
3742.9427540027414,-17790.84369190227,7.6004023345004
10786.70000322816,-16677.581274401033,7.3427791893318455
-26497.142253098784,-16722.052311106905,7.892078421248119
-26479.59993308194,-15521.141505988475,6.742880635791903
2496.023133181674,-5166.427108895581,7.691656822810547
7096.144218961137,-12290.05849379457,7.251344983372214
13736.40840604994,-19931.628565014038,7.699842407396986
3341.445018150993,6685.527234380137,7.662937850461535
-4093.69731582666,-24878.72642739306,7.256297239690681
-22721.636014265623,-20440.78095175028,7.050989447068045
-14731.502647775911,-16102.489973548143,7.162397497355718
12862.55291243825,-24345.162372883606,7.628031126930335
12494.480732851101,-12675.94073710975,7.966239776559467
-26716.073545874013,-22024.008696630204,6.695798917058491
43733.68596652166,-2639.9841030094117,8.036573409707312
-10020.713534555125,-17115.328383571756,7.2633296174768365
-28442.15929376939,-22010.337879177627,6.625392368007956
13522.32482424545,-12818.919262058615,7.9665866976384025
-904.0471043880007,12044.82879031442,7.682021510826875
8955.417844694304,-16872.065603522642,7.254177846456518
-27318.81498181835,-17271.113845437867,6.940222469119639
25158.58167010452,-11058.26280758874,7.186901020411631
3343.981208532038,-23389.04602590738,7.3914152346753585
25240.649842489573,-8024.050559379692,7.700747794511798
-11803.988358871618,-6543.520950792416,7.6838639802564295
-1969.2030296523471,-12686.333672997915,7.507690077819904
6338.90071174325,-15697.809506648651,7.121252453244542
-7715.257984238246,-19154.380358490704,7.2991214627108
6207.689665888634,-19438.146340170693,7.451241684987676
27937.70188407869,-10999.840277322437,7.726212650507529
49534.588032555694,-13055.58795624471,7.733245646529795
-7452.28537396657,-19657.857436778795,7.122866658599083
-6753.430702149541,-22111.679381466867,7.1098794630722715
6469.424594487583,-10961.320032188165,7.618251097876695
-9668.339190287545,-23520.37513579882,6.812345094177479
-12214.111774109462,-21116.557479386116,7.29776828253138
-580.5385294585784,-13131.846273546775,7.888334500738654
-25628.080960541953,-27027.334134770073,6.371611847231857
-1679.051776250741,-20605.990778661482,7.00850518208228
-9245.646219314774,-14894.951847113218,7.434847875211999
32032.686925245755,610.9416001105784,7.57095858316901
20241.88728805184,-15124.940039920262,7.733245646529795
-7500.178502732251,-15222.990519746945,6.797315217581012
36855.356308362396,-15548.98091414601,7.763021309018518
4764.458893315213,3207.3754731154468,7.635303886259415
12062.506297014852,-15439.816603362458,7.575071699507561
-23938.19908783685,-21961.45562526224,6.522092798170152
-3893.269682877794,-15095.143465576135,6.952728644624869
-18888.724548273884,-20593.214834921837,6.790097235513905
-6310.406749476735,-20834.10991017756,7.285506548522785
-29676.995216955154,-26311.614147333374,6.504288173536645
-4357.9077214143335,-9934.413410022356,7.454719949364001
-7299.764411702251,-11839.083707819707,7.844240718141811
-36740.7521651431,-25516.467813506562,6.639548983031013
-23429.71191976316,-19712.337045999247,6.787844982309579
-22419.03575515789,-24068.8281227652,6.812345094177479
15574.261576209448,-15449.773448548101,7.247223024583149
11177.242721085762,-14835.047598194371,6.893656354602635
48720.024237337144,-16638.774602488375,7.67275789664251
2527.1902796374993,-17288.74924589949,6.849066282633458
39617.4161487194,-6710.06695135876,7.9603236291488395
36840.34563296511,-10594.90804954353,7.637716432664798
17605.310118424186,-14745.65557343454,7.135687347028144
33280.208270674266,-5714.52869160932,7.721791776817535
-8981.835057332564,-21286.06405648745,6.778784897685177
50647.090810170885,-13122.508904159127,7.519149957669823
44704.668802408494,1680.1757335122907,7.6676260915849905
-11297.827803394403,-14618.501205177905,7.47477218239787
-15467.01072409131,-21251.57261844583,6.687108607866515
43025.62050186139,-15103.305780696088,7.214504414151143
120680.25502224088,-419.6488489452609,8.3030093814735
35477.01616966302,-15994.79456188895,7.972121128921655
2412.8237119966275,-19404.889735887864,7.00033446027523
29942.425678566215,-11256.436907208237,7.552237287560802
-27133.51871669949,-23230.467283301565,6.682108597449809
27787.015514802388,-10511.633270359765,7.580189417944541
35250.064236349135,-10691.775651342408,7.99699040583765
-5113.553032330302,-11706.820567340154,7.749874036654483
-6573.739761774586,-21670.585616764365,6.76849321164863
3755.474622006718,-19901.477016889687,7.1276936993473985
-4634.687757389721,-20884.497340126178,6.861962617808461
36847.03167477037,-9017.521894127785,7.794411205726601
-7255.61356186336,-27076.760230119886,7.327123292259293
26961.573907848335,-15332.320026513908,7.811163385025279
-14037.749764669561,-22873.878536413158,6.727431724850855
7312.500969315559,-3675.9197371110054,7.635786861395585
-4518.207889161091,-21517.762747243978,7.462214939768189
31867.235810380236,-6456.515377174044,7.731930721948486
-11824.969002662452,-24829.539019405216,6.78105762593618
36658.21352942993,-14773.951089985532,7.441906728051625
9776.961316335874,-19743.057668262692,7.066466970136958
-26644.334064908617,-27190.216898194612,6.910750787961936
-319.9217430920027,-18297.985961811635,7.111512116496157
51333.72650075072,-2577.2234878555314,7.44716835960004
-16245.136049343879,-18952.580537358615,7.055312843339752
2581.9259855006094,-17219.07147076977,7.346655163176539
33491.96988169029,-22014.898954334793,7.429520842786462
-20129.348784093563,-24664.161945781918,6.812345094177479
-4021.1930109782497,568.3003269253428,7.715569534520208
18218.16759996963,-13339.886952019797,7.523481312573497
14960.269890901882,-9492.312578868965,7.592870287844818
17034.994798710388,-13894.901797842189,7.395721608602045
-9152.699006411402,-22069.163373801843,6.777646593635117
72.62472474002647,-13932.664513228812,7.639642287858013
10658.304027393062,-17293.07028591646,7.910957382845589
31184.7748300629,-9214.065619657998,7.824445930877619
22666.51543636954,-11188.99724292215,7.677400430514807
-2459.127869012302,-21956.40794908604,7.1308988302963465
41012.823841826685,-10474.210513716767,7.8083230503910555
293.23568348396424,-20022.563158343273,7.27931883541462
29000.24682403443,3390.863894783504,7.711101251840158
64166.686920238666,-940.5073050751763,8.002359546252707
-8255.778559360966,-11705.134803313633,7.451241684987676
-19194.361044444508,-14701.812850857525,7.689828668736484
-24202.834398290575,-25161.91117815739,6.52649485957079
-7618.774459577688,-21034.711890753188,7.1252830915107115
6360.576628447209,-15436.822633763815,7.696212639346407
-26001.742756229134,-25447.503608458035,6.470799503782602
-9076.438262355137,-10902.745429834527,7.652070746116482
30545.72242674401,-11837.171958180226,7.8567067930958405
43529.701026724666,-1496.5778867090191,7.778211474512493
-7855.288567686867,-20054.3381719053,7.200424892944957
-20740.728901641276,-19491.915930909232,7.208600337960199
-7688.787921599057,-19114.311436839445,7.199202979820281
-19100.084612774077,-26803.74610445581,6.812345094177479
-19339.547724169137,-26068.781327224995,7.05617528410041
31532.64782856728,-12985.102692063208,7.480992162869525
25826.298402341352,-15618.231538543163,7.956476798036782
-23750.603048778034,-25379.89226018515,6.484635235635252
-13013.912104063078,-14843.6726759865,7.609862200913554
42752.65406034634,-9215.396429816912,7.1372784372603855
-154.36730936391103,-16317.006688395315,6.821107472256465
7085.8601851692265,-3310.7994283056933,7.644919344958857
-164.38976751727972,-21425.383098582166,7.148345743900068
19194.657883994023,-20007.318430564665,7.277938572945661
-547.406177057737,-20464.928857922434,6.953684210870537
13168.79630453887,-10829.473562529516,7.6624678152002375
-21223.763679728407,-28497.087902975378,7.104144092987527
20533.424034149102,-19779.411924499007,7.940227765145702
-11576.004067318272,-21228.336617070472,6.8679744089702925
36787.77224337329,-11115.441370088573,7.653532859605281
-9520.650027953097,-24941.029714313714,6.957497370876951
-6500.774510894621,-23050.539145477374,7.112327444710911
-32220.578612176134,-30230.987949969196,6.727431724850855
2752.2548762044767,-18636.453085025292,7.1049654482698426
-8729.87566390804,-21420.18155322345,7.6708948313621175
-24612.008152222457,-26407.215142139776,6.733401891837359
-17076.257856262335,-28417.820444361972,7.090076835776092
12383.117547466314,-23105.123752066513,7.240649694255466
-16265.559385585293,-15262.487217985166,7.761744984658913
21884.599207375177,-16854.56831357269,7.24422751560335
-19924.06557717736,-27784.22953424926,6.493753839851686
-24952.532749678823,-27382.22086634918,6.782192056006791
10692.802186689483,-18622.89714704072,7.195937226475569
17325.31235998615,-13774.617897975739,7.907283609426348
-2045.7053824654338,-2529.620331835292,7.690286020676768
22255.539378443067,-22198.20893659982,7.311218384419629
46856.99552659255,-18995.872583457218,7.744569809354496
-17336.566347519536,-14679.0893348004,7.61085279039525
5767.138032444034,-24758.392085422205,7.355001921105257
55106.69774745836,-14591.336775126794,8.200562797008564
-3023.1279899795522,-24628.50364506624,6.666956792429207
-21426.530733728414,-24363.066102373734,7.086737934510577
28962.125251545258,-15252.744915223848,7.534762657037537
2071.4173244578737,-23410.14952180409,6.97914527506881
-9506.818398290907,-25528.84805782586,6.955592608396297
-1165.2466385252258,-25427.570233216466,7.38770923908104
56122.07671659144,-12020.832489045233,7.9561263512135
4386.9660971387875,-12073.278305679822,7.706162970199576
52039.77717628167,-8218.48557286644,7.404887575616125
-1121.1238169669475,-29117.06985501633,7.089243155027514
73394.41549545422,-10867.41153712355,8.226305988015508
15039.008788599016,-7442.763074495954,7.635303886259415
32384.643376115575,-24522.54632571282,7.395107546562485
19526.561185650873,-24416.90454001625,7.113956109566034
-22591.101498363423,-29350.23295675155,7.074116816197362
-5814.288205838916,-25502.478325871034,6.966967138613983
25897.80390350206,-18037.935669878923,7.297091005160418
-18467.11343304393,-30140.233050219776,6.723832440821209
7373.581745326148,-21374.682623193243,7.5678626054638825
24890.641852941444,-11587.567046196704,7.65728279297819
-1351.5527115999362,-22518.572999347358,7.665284718471351
3703.0383798086277,-21926.563836017278,7.2991214627108
-10318.151432947352,-34443.04612629064,7.1891677384203225
3082.2946772968457,-18977.392374268195,7.56734567601324
837.5997390504973,-26150.94864780135,6.818924065275521
-27840.407564650184,-29061.653296429842,6.461468176353717
-15419.443595493482,-28630.80228816258,6.693323668269949
-27175.978573067136,-32706.995278920745,6.478509642208569
-23260.449161609868,-31330.95288201491,6.856461984594587
-25477.914065644203,-27823.838896838082,7.110696122978827
1995.062655702457,-24951.344616276238,7.119635638017636
-28387.346980410817,-33466.06710508587,6.840546529288687
-19078.471045437596,-27752.698304300215,8.103796712981794
-20768.718735982628,-31082.656013744152,6.620073206530356
15256.338171937356,-14252.092620631056,7.620705086838262
9334.71790501076,-30214.93805646237,7.243512974665482
-4676.377102442979,-31244.838175303328,7.017506142941256
-24826.202444939096,-32766.77409767612,6.6039438246004725
41355.810241693864,-14538.58254196335,7.911690520708339
30947.80903255518,-24582.83860157315,8.293299358711323
3254.4012654696553,-30068.623260528686,8.01829613851552
54265.020699419314,-11457.42236514959,7.849323818040561
5028.887969779566,-9852.858883212833,7.691200097522863
-19081.4693871856,-29464.154838185656,7.170888478512505
12294.213559728521,-15358.323395351912,7.643003635560718
-10321.14995386079,-34273.90505180979,6.976348070447749
27512.662382232986,-23969.67953440607,7.927324360309794
-16822.229579967036,-31585.705368177245,7.1049654482698426
-24648.43926955734,-34341.15653258225,6.673297967767654
22095.50629826878,-19212.78400591259,7.6984827878809465
-21800.224559461803,-35267.28087565468,7.010311867307229
79388.99924259585,-12834.079908673291,8.07215530818825
25821.15781780708,-16249.64201603416,7.471932078245122
3250.2553984207275,-25049.046453060215,7.044032897274685
-16017.07847866722,-34690.853310869374,6.966024187106113
-27256.791661692725,-35650.630873345865,6.558197802812269
65395.47437245227,-11267.408217774078,8.00469951054955
-20168.519601590997,-33550.469455736085,6.822197390620491
18894.713723622408,-28281.776253755714,7.249925536717988
-1462.3965171228451,-29660.535716898397,7.3597476754260205
-18235.166161509613,-28904.082730986313,7.039660349862076
6783.003802053636,-26647.771007113537,6.694562058521095
63899.11142142253,-11987.952878909522,7.955074273262696
-24321.71724327387,-33238.206088592575,6.720220155135295
24117.256239146143,-23145.97058110191,7.579678823090456
83388.07296490876,-14377.220383887667,8.034306936339489
34025.67880100432,-21751.61888922922,7.552237287560802
-14477.270521898805,-34474.7438180574,7.201916317531627
-5443.996258387207,-33527.86203358214,7.014814351275545
57738.8500057879,-20202.648483734774,7.708859601047175
-29203.622255305065,-39274.383910829296,6.885509670034818
51266.46940867399,-22107.78497679825,7.944846711001996
-15540.890623204106,-38843.1308988677,6.630683385642372
33520.358766287056,-27569.36741496472,7.455298485683291
