0,1,2,3,4
81120.25392296113,-14260.778418015307,27971.363625742935,17949.00231488367,-8994.524701465205
3275.6404151659112,-8633.353851882212,-3295.7442108723126,-12924.34394339626,-1006.9034451594326
44838.84035650051,-28548.60297099422,30193.71263821545,21298.468478905954,-904.0132601719004
-31518.65623487707,-4329.684165916629,-1656.2282913652862,-1283.4180486658177,-1060.9439063165462
26990.169412479452,-22377.802770735947,-25012.809160219134,23046.73920530186,3179.2811695851065
12658.386140859586,47686.331691268446,2556.943294350895,-6250.702087395875,-4067.590522465605
-20987.004211441694,27279.952013276627,-111.09495790759871,1490.1301819441799,1264.7789064666458
-4658.868091312084,-27890.934498708593,12836.06249045292,1039.1677086054356,3823.688546219043
56418.37186200635,-11140.460505528772,-15004.604861062799,11797.567466165818,-7285.044569708345
-12154.246132908915,-29588.842145902938,17110.694967759788,5968.575917378419,-915.9052511629791
22614.045244784527,-10273.997564825017,6486.500214339707,-26219.20544271995,-2052.084085645105
47963.81319831555,4218.666765250382,8672.489630536802,-24645.299020644357,9192.42414468201
33522.39630368027,2601.7494112517584,-5019.658769839487,-16598.51994430999,-6010.74692033847
17819.60202991138,-4415.685717641306,91.11669644868289,5606.157374536589,-1405.6357802192992
-6461.98735452231,20376.0924328485,839.3011887942893,-9360.780201796862,-2342.3895201056434
-24735.299252795063,46535.47840730659,138.90430248843558,7218.616889353334,-864.2779916735232
23117.330175914365,668.3501583219664,10643.188469290226,-1477.901850880324,-4951.440556211855
1555.2290612784761,-2642.548603271155,-4081.9372824531238,-6776.508558076465,239.53690131616472
31799.89227595193,9566.114193864296,-10514.643156111659,6515.166610471963,-8368.487381883511
-27806.7564493272,3469.237299177106,-187.65335661707925,3440.8162408466437,-1913.2405370986041
-31102.490636160343,-22590.5714745262,2632.809797838444,-780.4710146533662,1445.722349671463
-11397.469469403351,-1871.8737572792484,-1093.8452105209583,-9969.1579933651,-2475.731406122173
-13202.080686977528,11420.006632731067,-3318.2127041004046,1373.3093381740402,2573.6049120522816
-28356.777979608607,-4828.9869826141185,-2703.086218018444,-899.0105171654747,-558.6765025948508
10616.424808125072,-18513.934496938684,17352.454129419428,16637.280676559043,-5969.912344904684
-23089.483001417266,-6486.874869768939,-2020.771933112486,-5718.443804880358,1067.3397183638283
-6607.083287740858,26777.313591429087,368.46221728302,-3531.1377908251507,-4223.296374659395
10765.003514243635,-18236.279218944026,-10834.765186950965,-9316.343478003173,-5.104179281719596
-25796.256319748252,19301.853325947275,-1025.859979570302,6634.4232320761585,187.05726276749562
-16497.58714060057,4272.291622149105,1257.0707964396368,-1880.903197995626,1577.2941919756645
-29841.99674949684,-3574.9972430144594,-2937.8403395822465,1060.677093263419,263.92702148564064
-42761.36723506919,2140.2189687497585,-2763.0290546483216,6397.940288422131,-918.3688163340181
-13261.753612040759,-19820.166031531902,-13299.231090612502,8190.133405919681,4115.635663718769
3726.7551433919357,13923.328577095488,-941.2157161419451,-8932.752246534723,-4330.236376798452
-61124.500829502555,22390.395199465856,-5298.326468554174,16684.90540753034,-1689.4203169971004
753.2289265760386,8650.483149332937,2436.751553943489,-10441.89440199617,-2635.579278042031
-8206.675556725933,-28577.511478516997,-5383.678345071746,15522.341733492178,-4445.175580165135
-24153.077681698564,55757.20166057283,259.9086799959872,11051.611129053983,-1446.852740774458
11264.826094414124,34310.836943167385,2905.3393139977734,-8287.308550009657,-635.832326243592
34855.66372226843,-18645.739608501153,35437.19271226496,21659.198173006334,4688.487912729765
-17300.32463887786,-17749.878647970807,-5764.798057424458,5408.407752583849,547.6171348800319
25035.815274434717,-20265.14304158904,-9030.727685181071,-15686.244616994698,-2776.539701080477
40579.38640715442,10904.704871770971,8386.998608689037,-24822.3809869937,-2867.156981933033
1104.5934029339553,-14460.027202216766,2630.2855598485357,-19357.31966908973,-1828.0201806658722
-40018.327398665024,-18263.994436659585,-3473.622724062089,1148.7087513063998,5359.050746574638
-65114.31991172311,57026.55439898385,-3820.779677851629,26050.44645388859,-3514.0240730156393
-321.1887382627839,-8314.385188941667,-706.6010097950887,-16632.84379642528,-3653.730178829899
18570.50124412102,-2240.1995291696753,12412.175807812659,-7562.991363597708,-6188.836400925972
25849.39585102218,9012.0274186339,4476.581645155693,-5011.254897132526,24917.923099237712
13512.035319634751,-8804.00987488143,9546.952313916403,-9640.444263734431,3737.2505760377753
-36187.40708213728,-11949.563690327011,-5603.385073704985,3267.483010153237,-2958.169913100576
7809.772655184012,13528.909806204783,6633.070389995574,-4975.709432133477,3713.5690711127177
-28612.536686427127,-37649.70487849896,7983.050780553202,1591.0321869419754,-1768.1089722082625
-24775.72724519463,-20899.271612590677,-4949.5659958681945,-4784.084607796092,-1103.909118539687
-23025.588606012727,3642.9028227697995,-261.39194852463515,-1395.137784706769,7183.120374141565
-18978.666926392114,-12539.998377972097,-496.21667816926765,-9991.302796093856,-358.64784375032883
-35241.960857467035,-12329.24503805268,511.50722878471026,3147.3133475676686,2526.8761203093695
17414.59851428865,42111.55339755046,1241.9299179467753,-10201.34721625044,-5755.83878704311
20098.44862432217,1038.0091339085825,2673.2394217637598,-5808.6706481397605,-8344.473713370116
-12377.545395616571,17191.919882155697,-5797.690330219286,9614.07102098405,-2213.120647502434
-5328.099311619884,16399.183633509376,160.7428317542664,1978.2293763109953,9363.858586066483
-42146.40247148663,14986.640776034958,-9376.804203862725,11861.073012544155,217.76742459259145
18900.723572596136,-35313.7110233876,41058.34006189032,16250.884397684405,168.64018682895178
85174.53419214657,-16117.448626193729,-24972.134410141865,34282.2670658553,-4022.8917654615175
-22168.741720657552,-2533.0792965697597,-3789.8049663157553,-3648.32050544166,-2942.1044637978903
17640.6920157174,-17171.42600494595,20135.98514060502,18607.627700491114,-8570.977335618449
5617.3109681486285,-9475.986274613899,-1324.1058165703223,-14930.065133584303,-1366.636292539303
-29286.80642872802,-11584.523466653081,-6537.592884914404,117.24499843337836,-2725.4552128548657
-5639.427366501768,-8161.75676928526,-1127.9385685304092,-9623.176459701852,-2953.578751413495
-8236.251866757828,-22503.66355542846,-2915.4655470760003,-11269.736580226374,-1740.5661086192858
-16217.11778045989,7067.179434926348,-3245.982533378454,-3945.266092928117,-2418.2623395284377
-47958.846662120086,-18747.81029044666,-5735.560366411948,3847.2418680972396,3406.1901157596644
9274.769559088014,11259.477418868448,-3313.60576584352,1667.259375228295,-2445.4055306384316
-1329.653934496554,38149.083779996625,-1413.7128313402059,5657.817938404489,3611.3444652759217
-20709.736192265507,-20324.56361534895,-1992.1756931534449,-6200.74282760285,-1975.459094155706
-19550.118755219897,-4895.189679292757,-10040.562205750039,5261.181431752169,8991.17326947605
-22374.4227076949,42527.284155790665,1068.5683523010841,8532.685857919265,-827.5039098146766
23682.368251559463,-34702.23620881109,14900.377863640864,-13832.87181389491,747.4404515334575
-15673.727586351626,33079.39932241375,-3833.136423698322,5716.478496762147,-4093.724519624504
-40659.77733827595,12360.68823429435,-3467.926296496972,6250.5493048680255,-1684.185304984898
16192.376554056107,-10199.204136744109,27268.756038914864,6751.838712491436,-9450.18072859836
83061.3272961752,24884.265189225294,10768.907547490906,-926.796751480749,-9924.817685445427
-21371.531595650304,-30762.928575103364,9821.281625344289,1816.7160799578692,1489.0936138855366
11490.036813855051,-13042.001306116992,11131.823580016411,-5235.647352771372,-2007.935818886129
-39548.9442472837,19278.956008451085,-2977.4695655957144,7344.222220388574,-1115.1437200397258
26127.604318968934,50879.19424455637,3639.6995100084287,-1971.5777646717497,5711.887043727957
23441.415172379166,22310.986872328645,5597.22237647911,-21819.711614554413,-4986.351339479321
-21537.114340687487,-11691.092292944548,-942.0084153664002,-1537.4099845575797,-634.9772534360429
2424.674166746693,23892.748269311393,11752.143763589378,21886.957713953096,-2874.4413739908346
-1915.8892267719039,20629.108444065307,-322.5537730656897,2279.3825378604356,-3079.1293799752198
467.6913713614504,-20321.312077447215,-6504.279208227619,13025.371817489566,-4340.590796286573
-10593.775752397578,-17333.128699132776,5063.768214580692,-1122.9132020845511,-3274.953641305471
8523.724617889688,10790.999648752226,834.585096221148,-11348.577979761065,-1640.4770994360772
-31136.96418693083,39716.077421638496,-2181.4782873174,11756.614809566257,-504.20398269254997
6742.2846909672135,17921.37004569836,-27433.691718336482,10302.113074197037,-9790.421449196672
-9398.338656163096,-24717.890280573607,-8187.872592707776,-5201.319719140211,-155.65302719675913
-25357.531018098172,-18545.550214175306,-2327.5890280106073,-6429.394346824533,2599.1489498355177
-38325.284938195924,-36834.83762975068,-1143.5306739192558,-2436.295377019882,1547.730096445959
-31154.72802878125,7472.571105900294,-2846.6761348023956,6243.8399051185925,1362.2380198721942
19477.891580462714,50955.93332057877,3504.9483119305514,2398.671196307208,1184.844951813022
17409.82946628786,21040.065244729,5545.4552314379935,-12303.510013774601,-3862.4102545445758
69704.90879417292,-13963.046473463182,-58142.91408541383,16874.96205741238,-15046.975279494114
68594.31698434117,14520.74002294313,-28222.104511546786,-4485.72316159883,-11792.041251124203
-8893.303345814546,-33625.26223051834,2824.7640253498166,5823.487902677601,-1126.533249342967
-25886.49218862998,-12650.573334631163,3491.594499182024,-758.9556068865713,-722.5781950310816
57247.29996985462,15555.274372027385,30889.19206823256,-2674.3759043270006,-11301.399087332471
318.380621499929,81681.55285289545,4758.088992709861,16553.456439414967,1246.6204343957725
1858.3835151574158,31323.613522596104,2893.4359859391016,-1825.2952655809115,-2290.253887588044
1702.013054059314,25267.232547292693,4102.0085044376565,2252.838895298603,-1023.2227931088837
-33305.51038482929,23775.74147995425,-5179.696002425394,7862.1765839862455,-1579.630212465134
-16651.506877828382,-23095.354292068045,-3031.630490754422,1421.165081374321,2367.1687350634966
-16666.02419673281,18396.00927918707,-347.123957905255,901.472457296828,1128.6036609582482
30495.475589706977,-33615.003768912844,22051.480799134588,-5207.769647873197,8979.55850732562
-23569.475281933013,-34761.24542549805,2714.9567733141857,757.4617907063015,-797.2650272298166
15873.463214935548,1741.1402860320388,-4238.965001553352,-7640.480202080063,-6944.4088157084125
19049.927074380634,-5497.292283030788,-8241.226813163894,13576.079496148242,28610.681354406406
39252.46558911198,-22735.81166574854,35750.080347122195,16677.10561379084,4091.5926850838337
-6856.961201184592,10682.412680106365,675.8768237431851,-11447.788108277695,-4037.035645490589
-15807.84898325343,-33027.161939874146,8490.089728803738,12334.11930565164,883.8055564358768
-24529.368256209502,-2788.886182886221,874.8866916831166,-1321.2802787668359,973.7414264775389
24043.083282093467,-24532.064301087583,-17643.86137827629,9635.135119472849,-9857.056191813253
7277.932981035282,58223.343791938714,2372.5677388150684,6951.140041007209,-5366.300105893357
4741.969516961673,3685.430677607375,-5813.7747817838435,-7841.992575630338,-3888.3248089512913
28446.74906871205,-3847.346222419976,-6152.872949997312,-11141.2160991144,-2077.9974096863425
-44853.64450255488,33590.742508662166,-4017.9107148631338,13763.13982003577,-1835.232044030274
8709.106112429901,-7517.895609245062,2436.06810931463,-20905.04465644288,-4005.8229772970753
-15647.752787016529,2447.5395491902414,1232.7662779500454,-8450.612840672622,-1903.593633542647
16435.863916348117,57970.132502849345,2766.5971891179574,-1100.1390776325213,6989.852151722169
-6635.493170685273,11464.150719480516,1008.1108439252088,-4667.336551941336,4895.980889901737
-17641.235915373425,18569.859164132573,988.7762275643643,-1670.5811845310552,-2750.9722963883314
8983.119509949393,16396.385086848386,6684.958794956808,-5226.029708165706,-5059.208563387531
105074.9447190412,13969.0857906463,-22714.845365351997,-16272.577188076346,14019.776696530405
51655.74539571088,-2394.6907537516468,-2935.5255276734215,-8565.004618715895,-5730.7673874564525
-26424.62398331729,-5191.189382385636,-501.64516090636965,1561.314984115719,1957.7826377653973
4081.560632893568,15109.918432483151,-2670.395744920111,3091.9458285945534,-1807.379705504121
14821.847486429351,19249.729655742543,7640.541478244544,-17787.863636887603,-5935.2915236654335
-21673.990794743204,12786.092854479772,-2551.4855245007575,5018.457768973531,6126.8804887796105
9555.35032894953,48640.184786421145,4645.339094303009,-1693.3422207532622,-807.5718196743019
-39228.397503477354,-30501.61932848118,-6005.788195324217,1443.097566262,-2092.45598096388
-31442.769623274067,2378.821580888654,-2235.2856706365787,-1173.3358370391547,816.8948220491535
-34549.005072801265,-7629.69064123439,-3617.322940121403,2545.429913575265,777.1575759244834
-22185.227135758472,15763.068612504228,-86.36102229653768,1763.482319333168,3895.0439535124297
-10769.095974723565,24927.766936091222,714.7257931213735,-5147.016167208976,-3866.9622761117425
12863.674304905677,-11559.518370567934,8612.744301529636,-6316.305988141798,1176.610082644526
3214.3669236001965,-7061.374771779621,-5589.480967074966,-7751.260155913887,-4292.558966762644
-1429.8911413869816,52696.8182508724,5940.551739264515,7459.347905650288,446.4878973012799
14161.82342256679,-16009.383809151912,377.2933772753601,-12135.199412495791,6058.045672658739
-7807.398306064079,-2358.1869016730066,-611.942233896928,-11141.601805146429,-672.0270875139837
24141.351087098094,4933.356364640121,-8877.27221856565,-2596.3806664394865,-5095.280538400973
7333.943448382122,-20044.07114077984,-6866.961571027393,-4445.4475688068005,2384.296733638662
-56653.25436502826,15851.71304796321,-4712.658486040788,13842.830296272225,-993.724944653498
44267.14634739844,38286.451983297404,7215.7773298624825,-18805.206432544932,-5603.308616198851
-24691.68672966043,-21697.376288586827,-3886.3916352914384,-2582.390345318171,6079.548004235712
-15818.770062503636,9632.544360553997,-2577.6186833241572,-3565.020368140385,-2805.8737909332817
-11380.278329279616,15556.974107412698,-1749.3865077347664,3885.3618668714025,304.3160517910815
-36306.34228604782,27853.695760437095,-292.0199579328121,8349.494855765966,-266.14982424098156
50284.59259937979,-14387.005444207902,-34302.172002698455,29910.626312023338,-12178.340894204077
-6080.456529947752,-3419.5241083553124,1198.5789064546311,-15107.52315289688,-924.8636954464662
-18728.909837615884,-25850.326738555457,-2904.7833131735533,-8450.472011833745,7360.509011037521
-26817.2621182753,56303.24443952393,-1070.1035751135335,17737.95144918732,4813.55350198828
17756.091738508207,7603.285075880299,2739.519017081252,-1615.0114082180962,-2526.9273054577757
-22174.435370648738,-16486.523901042798,-4525.770892308446,-5175.155982536088,848.5398388008182
4003.365597584902,2058.910292426682,3648.6009097545393,-6509.678442036305,1506.4866236361559
8037.197524244906,-19448.078263475236,22566.26384223806,7650.998728918757,6071.882978129524
20947.138059952355,2019.7523788793458,5600.265784929135,-8590.270725167511,-4117.449894056738
-11473.803381391319,-19291.31879143003,16686.981813113947,14794.284506698006,-1197.9808889116866
-5440.792709921843,-3599.864759150514,-1649.8181612077556,-13869.773777554306,-4492.617521484597
-51031.45396407769,-30460.398368293212,-5929.2635995431965,-1055.1147012635936,165.32022816490155
7950.304131756006,-14588.370983024472,-8459.931058502145,10381.035825450224,2072.9680990086326
37808.73711775997,10145.507107934853,-11883.464035562632,-4182.744113029183,-4698.2710336655655
-24409.855442707045,66444.02199929798,1563.1761951316628,10135.96091037165,-5050.325955164922
-41640.63909536537,362.66880650927976,-3489.4729393619004,6967.505230205193,2829.7626527226944
-6897.658797426217,-29488.71392538968,773.2149146785672,-14094.98904964783,741.688103677996
-33824.20363881107,-20937.197632484942,-2246.5853698958554,-2750.9339257002493,1463.4043305452872
-7385.166578312108,9969.042167117444,6091.304096651024,-5276.622493990076,-5337.805213626702
-7460.720156410577,21219.49575797252,-1591.236448324172,-2324.0508453590683,-3385.5778355625316
-19708.38747160275,-4666.269852390418,-983.4061964465618,-5530.7269359915235,-2872.6368314298556
24870.703669584665,-25767.71421867106,47425.71848522897,19361.986663946598,-8143.108301484674
-3830.77834522428,234.22470138345074,2110.292534505416,-14385.630001917552,702.6062582935285
11934.586249960965,-196.1499075165455,3376.675317734598,-11276.748533951659,2522.4896936027267
-24175.530329889414,-35427.46452749224,9164.425957756775,2166.6501951971923,1208.7252552349742
27744.499826203682,53844.635228313084,6956.67576135594,-8416.62591050361,237.40824061741978
703.2966046725493,-7921.697911541,7679.281744989764,-7561.787623523294,-2023.358051339083
-52488.23658927011,40238.636330430934,-3062.3406934094387,16513.57966686305,-2966.5284139466903
-3139.9826871472515,16173.252353156686,2195.5898172541506,-12554.50892681852,-3304.8170995582154
-10647.93371191815,2942.370933475267,1026.7000873445065,-12225.695659114359,-2148.124101826384
-12550.780548783883,-307.5574591910071,545.6345946322089,-12125.979966457524,-2593.843316132027
7005.115516904792,8638.044973159473,-3763.9377113293363,-3805.4535003357705,12735.700199168103
-17627.338924749325,10937.64076377457,1395.4635134148832,7195.464966569162,2277.392453253079
-247.81160177972976,-4674.378890218027,2797.0887589395506,-11090.45014352954,-69.6633804287435
26056.97088143941,10888.054496318302,14136.437340668514,-9848.681119421846,-4965.06794076114
12556.336185012266,-13215.38610486261,3005.3729941288166,-22975.59364381161,1220.8196994505045
44833.54238805006,23022.688178182976,13598.639394985894,-23021.08417214731,-6740.466221624114
-27024.085688545525,-14195.286136445671,-8946.11350421098,5790.436855567014,-1012.9914879063743
-38622.220779119605,12794.060708758861,-4543.13188052264,9034.63863326955,-1210.7658954677709
5552.5984586802415,13806.37977565013,-1885.5058786885195,-7484.568314377734,-5384.836375257883
10982.304268528476,-10150.39497393792,5959.355638851656,-14410.09417294655,-2001.1126109319046
13441.897393483385,-19825.67110765961,6833.991082476825,-2746.5794548129797,-4232.333843164474
3469.2803411570803,-5764.831667584674,-714.0712194660783,-11461.501925657896,-1431.09132807565
-98.57540043117866,95.02786710472003,-4284.17459891406,8282.23774079518,13912.904445934772
1768.4301514839046,-2301.2169790207513,60.453268151096665,-10639.628556128731,1863.8758670480215
-6368.416088636924,-13453.312260255792,4471.130097855458,-1457.4673015998271,-4319.832718542214
-5224.921100005457,17903.33818422514,997.2119290938979,-2197.191230072194,-3376.5041402998836
29155.395480574844,9585.100664334297,2993.8717093003384,-14190.662429536651,687.4755258239439
-41841.35757390641,-3605.238620384151,-4287.527563784307,2069.29942895116,-1515.5906083104087
34944.07484048086,-16234.989125917804,-18880.237948107082,-5353.585104814346,-7334.307255886211
-28995.711816532785,-23152.355915262153,-3373.059376289437,-6445.936512382865,2908.8576118345077
-20822.778754309642,-14746.657833086003,897.312267678569,946.1358102015608,-896.0298683706333
20905.43697696116,15759.62031490671,3522.2893701657586,-11084.450011237974,10705.29597993633
6306.837552979168,17693.33604217946,3703.3936690927826,-15030.193966444436,376.289713622591
-15057.533424197854,37777.36598694734,-388.11969528313386,4569.848326476804,-4082.8730233259
-2182.3802311404247,-20806.83281497165,-1325.4774425631822,-14120.920193161115,-1660.1532872654168
-31872.87111652959,31808.628033903857,-6776.724232197143,19105.49392427455,1471.951396078851
-17557.651321725527,-224.0903884357274,-3315.053830484179,2455.7435869172814,138.1051708744002
3400.0402488369155,-40532.0367517025,-10707.446103398295,16540.07243726728,-749.0369138320355
11670.896313759917,-5792.646115453545,3311.9356659147634,-19993.318870719824,347.6172462826551
2372.4904541489977,37244.70388985565,-4419.768493636705,14188.578062061799,10080.328999882038
41885.70827571138,16532.208559327923,6528.612208339302,-26616.757374227116,-1504.9427945283717
-10995.714539006693,-16011.359985640902,-169.57673136138064,-6109.619501986467,173.24987188616632
-26709.71584264573,30960.473946372796,107.08272181922337,3871.0397299837477,-3267.1494692883284
56646.52989239384,-5609.841439799954,-9452.034464551334,23009.745560476993,52712.27699661535
-18936.16508755766,-35608.614314074286,4166.967264311387,8315.310276156077,813.8680111656214
3803.8077056675847,1222.0919797806905,-9832.869471659995,1005.1115499443883,13631.772030699523
20707.03151075781,227.58620919610652,7671.865659122895,-24869.403017149023,-3948.900310495099
21947.360759999556,8888.272284869334,22127.68010217696,9957.715814644545,8140.644500304907
41009.12725763271,-133.4657581059766,-25134.890482917468,7841.709065799048,-2339.7532630257315
94341.12290301868,-17069.109785108496,59361.66395453176,40762.362950968134,9440.855227138582
-8898.153890413743,3111.813465815836,977.4980518973003,-6453.148871540838,52.941481638566586
25266.1343117524,-21800.521090024708,-44398.7936498308,5115.445982344543,-11170.384551614752
-20689.75690824945,-10427.41866059708,-1489.3082904398987,-5534.941886716347,-1319.6814049357833
-36709.46396189744,-35627.61103541399,-3231.8259468376536,771.2489160477038,5465.792013102656
-21866.978366525622,-33391.12024227541,-589.0726405681572,-3985.742771067193,2015.4983886843197
-44344.94429229136,9335.597442672437,1429.394251695594,11933.983768426748,-590.4747593786869
2990.721824236007,8486.390389888735,-398.9054892556464,-10010.933873970727,-5503.578948413067
25739.801895777167,16852.074127216667,10620.998808286065,-11054.539673546673,-5395.275908775084
19447.976516465864,25693.715374315965,-2448.0767335820155,-4768.376201896666,757.6533962855834
-32025.864908980708,3084.7031397557143,325.7528856401603,4369.7120232674415,-246.62512680210978
8570.167960450584,-19958.60499469205,3201.875274649362,-17636.769830698344,-3174.3572012310588
-5310.646982854546,-10652.373922511657,-3775.7225642200583,-6858.634757309988,-3341.3041237154525
-10470.825333467103,39902.89413511352,2528.138343753234,-1082.787415852676,-2007.983244035144
13598.67573092962,-21460.73098915486,-20659.576236614645,1789.0266836485675,-6249.677803595913
44837.752105290085,904.8886659158395,-16223.759494106096,513.0797395961349,-3063.6712834272075
10761.7233959943,-18471.326111838553,2395.227815846704,-21193.614399198334,3168.3337605168012
-7669.409450325673,37701.6589449792,2077.7317932250944,-530.9323844732621,-250.2487305187081
-30214.55272452431,-7490.136464477299,-1794.385446707846,2293.169923976279,-1629.3907751862455
2190.2876162775447,26165.63406822592,-435.03236238515393,2497.079475440487,13214.346066516648
-29907.220667008492,-11986.379798208345,-2846.3402915503666,461.11608828272574,-231.2101784305842
-7723.2163068435275,-9861.526436187916,-901.1141426550137,-3592.4151585496274,-1841.9978341279816
-30109.640137721235,-15460.210978903577,-1211.1093524963724,-4196.735512611178,1899.8777296457936
13415.46703852999,-22712.91497379852,-317.9934880706835,-2920.955915251116,5403.935222895423
17840.867730129623,-5622.1809736060295,4985.392696233497,-8655.120788917295,-1345.5823263565978
8840.157380309332,-3526.663027076118,13518.678335454942,7925.903758147954,-8496.714756244472
28526.383590252553,-293.4106161325736,-20071.672056598538,7934.269911142911,-6730.23593942801
-44059.98254192881,-10533.134013441995,-4380.0393945496,242.81745876665326,-1727.7973749131252
-34135.943954225135,-17202.645336616642,-3456.600068277712,-5805.50061356101,-1506.6794476134776
3614.1508865389906,-24065.617944281486,-13714.918634889626,1145.0270645936487,-5162.4993823477935
25320.256899167827,-10017.089921053801,-17135.432321842083,3884.5819921503894,-10713.426287835317
32615.026408499743,-20950.676733187043,-16250.688517134507,-474.56993107819113,-5964.611205812474
-31724.884666084658,2014.4279289138683,-2537.982739864461,2709.2951497301383,1395.2317404128435
-44015.01896956887,16370.767367820363,-2826.3417189707952,8993.198769428376,1913.0973307461513
31991.436780067623,3629.6845984363617,8932.801971389998,-12087.33027490548,-910.2085215859257
-60185.45105486041,52764.85725478949,-3399.2934016223094,23560.044114044376,-1060.0337860982509
15431.007042503456,-5783.025698730326,-3643.0881154116055,-7216.046555453611,197.76391866543145
28247.39030078688,43861.64316645776,6755.725539063555,-7033.41467821632,16257.266134449617
-4899.299586530535,23097.354511040932,900.2669788469967,-261.8191379458466,324.56283938885116
-36141.9149111748,-5051.312038389867,-1733.3884827345178,-387.6133113382318,-443.03227868470987
30686.01905581421,61609.24283124067,6001.502399562749,-2456.853986922129,14626.781664506729
31285.722538773975,-14573.144456220369,-17528.573555821462,-14465.71424609835,-6932.031869585631
9699.5274629233,-15112.20053779471,-19961.75365941948,9100.11723789789,-2804.094819502398
7260.550385711857,-40230.4792126399,33647.57623093934,13469.028744070454,1423.4328161611588
-18198.79078554068,-21126.20378788113,-6369.10134037999,12814.786179576557,-5009.6324723728385
-18686.903136116387,-1315.0259016182447,-3843.3490995891866,5519.537335545248,-1543.7701464134266
-14065.642093105367,784.3566218465158,7986.468352731643,14680.389095008866,3363.7857377608693
-14848.038810220503,-3728.4408050741386,4639.605346372036,10287.384584341538,-1989.7377646754273
-35896.04184266951,-10666.099714426844,-6410.412621201374,-182.06473112129154,-1997.6554143524143
52987.84192449202,-23941.743232140056,-26390.34052733429,18978.515559921652,-1986.3690291281791
5684.51463537024,72836.54151486077,2447.361166888002,7559.7883452470915,1564.1498613953001
36120.33441953417,-14831.677940738173,-996.8136745469224,-19218.21796651393,3587.4742923386025
-34212.449463537065,-21306.921963153578,-4367.9465226588,-4371.9232548667105,301.40146451531933
9448.446959228153,-22827.23478222326,-8735.100327241145,-3934.5563803131313,-2206.1702383603456
-17993.695629437592,-22947.298449823622,14890.990438284472,5841.665975160182,-4509.37327263813
-19588.746638521352,-12063.127164057008,-1332.6212216363488,-10173.671476779418,629.2203833657614
-200.29908538753614,-3915.9866055006532,-1660.2760580426723,-13403.330703506317,-2751.4140008263594
22643.404035839274,4049.1566857628623,3354.7926668917567,-20479.871164244647,1543.5040395117396
-27165.87452238286,14656.692244146092,-96.88333209748731,6601.839766251626,141.1576351310813
-63071.29513421593,33924.08373970161,-4483.586954114437,19394.281102846227,-2159.635872392669
-29604.907404041525,13916.581458710507,393.6237805874627,2378.174125980975,-1253.8876124750104
921.9473555180829,-7973.037251623274,-967.4117785941305,-9507.442782861704,-4113.562930223111
-14325.154311539914,-25873.115431515955,-6868.936975095422,8213.277286260658,-5501.645058397956
13395.025213025932,-5120.50096644655,-6675.941257507742,-5173.63221705402,8899.340031853164
-33632.82548159702,-19840.67118521281,-3231.971755000295,-4704.623122110595,2998.507917306246
3601.6732600309488,-23141.13678617156,-19010.744986957772,10705.487498118155,3513.5840445315453
-14905.573617063292,-1013.1687108818129,-1501.6773415400949,-5004.39412254133,-427.16979593870764
-33930.37466144367,33182.94207044279,-666.4362801342232,11293.685973309175,-2283.071438816848
-25981.854003369004,-23329.423818394476,3331.184150793168,-765.6364293787175,2748.8900706522563
3807.8490721602675,-14722.27710006748,237.16042281510724,-18298.020707103024,2564.2739499477843
24852.48020133693,-18225.50078758115,-9324.73517562196,1645.1296899496006,-5390.986287175611
19963.350202768208,-29079.5488331447,-16378.844080671308,10210.08819334224,-4750.2573090551305
-41964.83381130325,2326.2719278441014,-708.6548846295894,5774.624931217368,-1263.1151801458418
-31655.885595955628,-6598.967637995112,2102.5529348190285,5515.018563071299,-1156.3810007938948
29067.801195200886,32146.871822313118,1392.3174019136313,-16267.287293287005,-851.1450111113296
-9396.58621630851,10187.66998859997,1644.7389719923228,8612.7933107287,6583.146560595828
12027.303148025867,25340.341782483207,3672.645614389959,-16273.838885596084,-4494.539766867553
-5528.76609650842,-11497.348114576069,-3089.071042064503,-8973.80912976752,-2137.0041911946987
27217.668179723263,-23276.546726979544,-10944.862251642811,18552.034201733648,-4998.846638975317
-9217.57926959416,-30157.543413467167,-23.38197934319122,-14793.543627425472,6936.290177041456
13925.595582021419,18237.98244883354,-3804.2288564512996,13638.956406255606,-4265.349118407705
42738.75620024609,-1584.6758580793394,-9949.80722294908,-15451.35915967315,-7145.9071390568615
-1375.8832560780377,11975.86746543201,-7080.416967256357,3279.3462239550195,-2313.035478895549
-36451.371419027826,-29699.785145655365,-3528.1739021423514,688.1111649451219,2304.372818291568
-21723.07555107156,-38402.21518443897,5154.8684217439495,-4805.296361011604,1627.2180872622268
41256.327547121466,10222.067657199152,-4319.298272443569,-22650.265066688393,-7552.2381919448535
-34639.15107579072,55609.80054755539,-1546.3726732644213,17880.37294897757,188.48957945677654
-28394.9718687348,35295.63245902185,-2270.304543066015,11921.302514409694,2751.5127753889055
-29495.394448401483,26800.998364888976,-459.46705637495387,7987.863234227666,5383.376051045586
-13195.38446321708,-4237.427680863583,-1249.9665818143155,-3646.1361153259227,-3766.1859416627294
6170.952794954893,26463.924276502792,7708.670744143902,-8436.256543645339,-6245.0810484958865
-521.121813333984,2656.2657415764506,-9032.004620402764,-2064.7353029076394,6864.9665692969575
46796.76399625203,1671.3597767674994,4836.822765154458,-21143.41384470588,-2372.603791919527
58892.886172833285,36897.125026558264,12552.866788392033,-35460.540497645,-8290.859102208047
-34430.18703680588,505.2973266314061,-2857.1865277106576,947.2236147372147,-1885.5538747779653
-14763.577528328111,-18693.522672794188,1237.6204413674768,-8287.549462012614,3250.009442590086
-40485.26531417599,32881.93552429197,-2888.2997635289403,14208.176246965562,1370.088237129424
-695.0890981695135,49990.71469175736,1308.1184242325978,4114.13500719666,-1689.4243285876914
-34421.793192101395,47390.30817966615,-783.4022693786023,13605.912180157033,1062.3820965950636
21837.618900304413,-5109.27166638783,5304.050406452046,-24972.070312944856,-78.88628423326854
5326.1005744121785,-5089.087620209398,-26722.817594826603,1734.246143384596,-7741.822620036413
-34463.28142033195,-36103.29685711532,-741.0933909549572,-4817.065512029509,2096.4563339933484
-27324.094374844917,29597.79070789598,-552.0526868008164,3513.707981228542,-2426.7008698058416
-20851.11004721453,42065.864068283234,1093.3050090064082,4370.356883943753,-2769.027350412981
-15360.33122826766,-23369.63334021429,6811.276465649043,-4184.590466205751,-2090.7625279177228
-14491.980823046497,-37406.47090640435,18504.74065778187,6025.426325703694,-4149.074358118848
26324.801007199952,59383.00940087951,6654.4957642527015,-12958.08574300804,-8118.487244128894
-22967.686397950853,-576.4009049893065,689.1348870384971,-5119.664262881936,-2247.1495667439194
31465.366186315692,24165.312886982872,3062.8070942587133,12770.522013804048,-7622.861793010561
-13740.935964332146,9221.058327652092,-2901.6717401033256,-3424.0142757880685,-505.38651670051536
-10617.093186677354,12681.769581336443,-3002.388471831206,-597.5487818174396,-3347.7222631539066
48836.3375960977,-15879.20228785051,-17149.319647713135,8583.625828993883,1905.2272351513077
47362.688430962124,46582.353608229285,12685.209876452647,1856.2450861763364,-3861.108344037433
2413.1118356815873,-8524.82182271487,-17712.992985439483,262.0035587882473,-5618.818477527702
-16027.994779184575,6211.549065511671,117.84988070133201,-5099.007857296831,1856.751768536936
-33776.403341184654,-12184.930272311893,-2523.0554124672135,-2698.77218777256,-892.2366994978169
98.96740232875415,-14177.832470226433,5831.191408864612,-12164.440959514734,-2325.0151797201656
21989.17284450078,-15389.320421805585,-2711.2749021196546,17209.432080605733,-9985.387661663253
-33494.09655746538,-15909.008143454834,-2633.8313705990136,-5562.691329390176,687.8625321843191
16927.54687836239,-7571.483498463907,-22065.065897371114,14130.845830470478,2439.9516084263882
-17413.06181458257,-7206.204649427692,-1597.4178471413138,-9423.152964059716,-2289.6205767265546
56630.55923810354,-14703.57172991706,-46776.52771093637,13135.398840763457,-13628.02426738517
-22773.94413514094,-17456.270282386868,-3506.5586729080987,-3876.621563907367,1731.7658444882136
-26036.069487193494,11200.650472989988,2020.506639783616,6843.466065785825,4799.910368058977
-10293.394077828998,-15107.194512290835,5384.693405049463,-7244.913010689192,-1793.551966784852
-5735.196806082285,7208.967906054351,723.196795740792,-9504.671839309374,516.7909472218473
-19512.70743482354,-18283.71576004888,2330.2298645432165,-1080.3091870273356,508.50438472185095
-55728.32861580336,-909.3440686888491,-5560.37132871695,9833.546682624543,1034.459028260953
-20742.48779907103,62569.82482358383,1118.3814783539383,8481.469628944007,-6474.508176247303
-6709.383624761691,-4449.884419053149,-3286.93131506696,-2022.8880764193677,4507.348007752521
-27431.435957078982,10311.710096422596,869.854172629466,2246.1698644902594,1544.969315376492
5780.709910284683,-9183.12456681459,-17550.741805609352,253.88994039155403,3013.5321215596423
19429.399064991212,44817.41376705961,9229.68287572869,4278.88265813553,-7343.165421954415
-30547.43591534726,-19579.99890527666,-2399.608960936795,-7106.9093712002705,985.9011424599698
98.43610670760594,-24343.31523923966,12895.18727214334,8379.994688794979,-3661.8743780335476
23454.254011538607,-28553.99314871047,-34823.10127117611,12769.081761462774,-5068.191803943803
69102.67922276,28569.752536572454,15143.957545933587,-10479.92950914926,-4211.97846056411
-17710.26257420691,-4563.666893360395,-8533.988518120768,10556.305795816306,9127.732245476875
1443.5310112856191,20083.211484185464,7042.82180369384,-1447.2821989798613,-1246.434389472156
1691.561215427096,-13690.775961439407,10982.849290827398,-8298.860207902497,-2658.6705345337905
-42149.407011676856,-23889.02234094458,-4141.664924405473,-1253.7353221190224,3998.7729395429233
-25355.68345791232,11459.283803765582,-601.5798262688472,796.6023782959273,-45.44495910171141
-19014.17413826181,-11758.44599594689,-2002.4751149676274,-10541.283617562704,1295.807118573541
35136.30913313449,18196.742834454308,5905.530732171816,-22901.63802792268,-4715.608482723865
44719.65899154415,-24722.443092381774,14580.232318665663,5780.7527974099585,-4525.368311709473
102411.05872120321,-17737.06257308442,-68423.05934741528,561.445843566519,-22232.216243354935
5495.285534948556,-12781.49457249727,1160.050256615855,-16779.901673859138,-517.4512472535782
4810.5664105260985,6839.901443421539,12897.77348815069,-1727.4395578317549,-5287.069698985695
65432.16472691581,-17248.180273375187,-52249.08370765533,-712.0207364132174,-15956.008815401598
-53071.18303367683,3235.849268784526,-5112.322849197689,8920.858396711757,-171.8963860635759
-6836.063658908336,11050.061918446207,-1339.6301741975933,-5836.00476318809,-3826.3207974482466
-15063.448661567121,47804.75599359528,1255.3501400607308,5161.969231850978,7216.4884250741125
10843.49577019143,-19910.701935725836,-12578.021183090403,-2692.2346133821898,-4785.078504946605
52351.90556843141,-28303.261601797607,-20701.928577386796,23183.766311942327,-12786.810073617251
8691.014506180956,-17042.48727141954,25191.545455994645,2220.101564276714,-6562.739702485149
15503.954874007444,-9410.127712131014,13646.036892046348,890.0910642217134,-5728.724825475093
14186.644048872795,-18533.72987214268,-5897.264383371951,447.2843973220633,6743.020337344657
-10084.863599803153,16492.242057906376,3458.696447345252,3726.881112721247,8576.47010837964
55116.11333407411,312.9345489997579,-27884.105178326136,6906.330571213907,-6126.697797607157
-31453.98068086032,-13382.227575856456,-6724.040088331047,-516.5563208516874,53.61342169534042
11495.01940993009,-6148.558374469646,5013.502004348775,-13372.11237354451,231.20775704893316
13736.208735195012,19528.329798575098,5650.150424215697,-15513.57513816811,-3623.0510925446956
-26195.65378400271,-1538.2060948404444,-8231.577207066954,8440.737541081979,4278.088258115647
-1919.2639250951909,9266.488264936565,450.22668434643964,-1991.9676847796836,-521.5698506215185
-2073.1881985170608,-6617.282843210852,10974.184268712756,-2607.115323648812,1359.4848232937395
101736.12458948359,17106.968838198154,-20452.618049142467,-7870.103490910095,7668.201122056684
36513.94045260948,-23102.573304431706,-2762.8398444248055,25092.880157349788,1942.7330153498974
-1591.3803766163708,-9233.340793800919,2058.980885638933,-17575.992438243364,421.6564755541976
58785.90511350221,-33483.82406705267,-10818.115957085914,28406.3746107356,7810.453935797691
15502.27571344,24081.33606915065,-17.849147262895176,-11305.189817580407,-4546.690680109173
-15988.622884744711,-3300.443568992656,363.92775683723715,-10965.14477094495,68.70829109739854
7641.100846873276,46625.83110085448,1477.8519279731238,-115.20573720592203,-4493.998135164785
16048.344710724106,-39867.888094506336,-8770.190215943201,21077.542419355468,-271.1841691569614
-10833.25588505231,-10035.607654351286,-3330.944566991484,-8049.055149332478,1742.14203859273
-3909.7304421961703,11827.401289891503,-5895.199984412657,7227.3811106251305,12485.11172362326
-25361.30923424402,-11706.891513375065,-2976.7634358209525,-774.481822606101,-693.2875799373053
1655.1810371968706,-27521.9753175072,-7312.674192486534,-3920.6024031260104,-756.0792599238905
31914.06890832681,-21180.180898626248,2642.3492294711887,23455.820634211654,-1690.5628877430265
-10685.21020023379,10699.58209129844,584.181072902145,-10440.74205920432,-2857.890646299015
92479.00794284791,-9466.232899270699,-24397.104422433265,22940.76843271257,42321.349831683554
43295.88512965149,-13650.76299085483,-5395.985765575583,16034.659237064925,6323.699994481204
-18572.95301879944,7271.175813141981,3616.438840370689,249.95239282132067,-2334.1518170330196
-6930.415441310014,-11550.921546387486,-1328.4764841342708,-12748.408398631103,4146.471367366066
85264.31774843216,-6272.022760884138,-4320.84520954109,23714.966843075297,-3280.576305391713
-18933.9821505264,-6119.959771433022,5034.0969293283715,5846.631750517927,3827.446718231344
-51169.95141276605,20712.70966682951,-4204.999947349885,13683.701525818944,-2126.8506816550826
-4805.183562006879,-2130.672709948354,2849.111631681227,-10604.497267427241,-2698.1180705164834
43866.27795967534,508.4704708016617,6642.508447210495,3189.6319042802156,2139.4287400872045
-7296.897179689242,4016.799887193839,5737.9578262915475,1555.0000219220349,-2132.361718493582
36544.54548083662,38048.94670277319,-3518.6331432428806,-1368.1213905759184,444.66911651583655
-38531.99273087896,28158.74960647544,-3405.5867870048314,10651.532912270688,-825.0183757804427
-13144.230878272972,22437.457193515078,-2645.218380136466,5537.896039754015,427.6787396607181
1800.949520961399,-4657.7787569915945,6848.445549553436,-13005.923929581684,-4101.659182655421
12811.982447891443,-6046.280253139435,-1843.6436680758409,829.3456430269782,7178.4902466864305
8637.320484477626,19814.806387834396,6703.464206846092,5582.499962420132,190.82187218054978
-22153.866238820337,37686.26341641867,-119.16702338824422,6975.108475007246,-4423.61222459147
10327.649249480432,11486.59121954503,7700.785797156046,-14937.797949226464,-2644.6993150959293
-39348.111540643586,-9263.731826973688,-4071.3896703936,5715.662363375041,-1012.9151741736539
-16734.121244255002,2215.9915689255804,471.7506381157431,-7401.316796142866,-2317.695596268014
-6940.610979504744,-635.6514782791478,-2707.8527662694855,-9031.642685134158,-2699.8396822073964
-7879.130108855413,38116.643711416604,-393.13726099606873,13142.580375208303,11378.894555793666
14284.651941404538,-8167.4199936863315,5721.290920711042,-10939.742500414595,318.0423428748046
-28769.59094615187,21137.277238092414,-675.4777320873832,3279.878503541291,-1384.8027695302237
-18823.987277322158,25019.64040248872,-352.00318347128245,1225.9023479793354,-872.0875162620939
-10212.80683570415,-5595.394231519645,4218.441849255702,2796.9900688312973,-4146.853297489538
49343.635558801725,44435.82194984334,9312.76832075044,-19382.488152874783,10128.740218970943
31325.661951082046,3527.969706554682,-31667.1041252536,29085.54234166317,-7053.674587378865
-20455.720600343047,-20223.809628279218,-7766.835628375079,9995.733619977269,-1020.7766752885387
-5085.408455563434,-15705.914561815871,2708.577916178271,-8682.51854915078,-1718.1002589244704
42413.334151945026,-27893.105051917726,46304.51009842063,18960.607623657655,-8123.204784502132
7384.0552161043515,-4563.353790583929,-3720.9594461165566,-3061.2428784274402,5293.6729718586585
-9944.106849099913,-3100.3284018944278,6540.902907358356,-4072.6410362462843,-3198.191523319283
-4531.849383520042,-19777.34444945973,974.8165964579854,-18165.772181653312,839.8978866152042
-25399.34469554149,28458.491424519365,-1955.13249504169,3531.4853797600913,-2929.5518623440325
-4666.207327473965,-29520.80890678789,-1032.2461913426782,-5718.247959490023,126.61028990416276
16777.87194414428,-7945.970237289578,-8981.059932300062,-3404.651980341514,-4241.242070983458
16381.025175332798,19448.44660373329,-679.985697028568,-8518.428539061619,-1498.834642418072
4308.982345020325,754.610370804728,-1828.7310616413745,-12970.903877868224,-3792.171901209503
-43262.75324416388,10189.67202045111,-2655.399475877908,9100.25525877811,1653.6301272662636
-20699.241756280815,-18612.7582760194,1157.805527284436,-5115.431380347926,591.7161851477798
-9191.979758928026,49550.90451080348,2519.0374931293304,9110.000138671781,524.362921986519
-29481.983133712554,3878.447792209024,-1336.5492381969277,-2480.419201073327,-2553.0325592317727
2553.0398321142097,-7211.542796527483,-15223.157526570281,-2028.867497623099,4791.927458877246
-50603.36813359764,-16705.929551767313,-5293.492877957044,1606.8906525662198,-984.8645229062464
-3386.1628506451057,42497.92395408966,4184.452742523568,9248.092734621872,2920.51220987647
53810.568147980564,-26448.725074801023,-12962.610851205132,35166.65041916341,5247.151818998386
-16996.08756398891,-20057.692134577777,14238.188499234526,14868.768349849479,-1068.1708898110649
-20262.795118487946,-26392.651240678075,-7868.568312944246,603.7672349521141,-1043.560707926274
9649.178306439404,20170.772718367036,-3363.001010057593,1467.7812238834447,-7024.607660865647
21921.786604357312,-8786.774242209915,-299.9370796172581,-13145.44474047345,-3430.8284371160994
18139.978800354533,-16955.34792300046,-11279.1034615356,-11346.942389596112,-2244.415358247742
-2393.477996497304,-15600.452296694737,-15452.959986513028,9852.749087009699,1754.73006875834
11293.884813005772,-3062.129373617792,9288.60267173066,12929.955350102317,12512.281163603995
-26629.654003680946,-17555.51909361227,6188.124640127771,2626.4592699058394,827.5104179285036
-35456.49179876347,34737.139940665824,-1519.772499568491,7844.008769656532,-3367.1461732828634
-18389.19757486103,-15317.039552754231,-4363.329935782739,-5697.7823868476335,-1470.9712912867903
-18790.995133763197,-17803.609651874405,-5777.220183602432,2371.6972551161243,1331.4872945185234
-11385.02059851837,-2808.7557607924878,744.0318963169661,-2436.242458135524,-1245.5387874753085
13947.440575571301,15126.472670658835,3827.473365608979,-17443.988284204454,38.58492068346549
-18219.851881983715,-9026.29091105201,339.01346245793854,-4967.108297828823,-792.1697843116099
64473.206007237146,-2118.8452271850433,-11307.057272773904,-5581.433280695697,33698.73684215815
-10022.012431687359,5616.471009273842,-747.5037293492313,-7060.99182612398,1795.0245121699595
-18427.413112575847,-18820.332629579803,-12217.941396055137,13200.461052098675,-2912.4547235118093
-63122.58387362778,18376.035137331844,-5234.167006641413,15566.184035580332,-2277.4306477502437
-15508.14969594398,19736.776391827472,159.5263687199478,-3032.8063112973264,-437.02218684356956
-3094.0552886134788,-6502.897280735403,-7625.875276945366,12743.799097614397,4204.623704316972
-15328.415660813145,-25053.181623979268,-18953.52940191302,12905.881201446242,-4953.375445249303
-9444.487019952647,-11781.62196361444,-2250.3693928706352,-11001.016587340946,299.89630740280217
3196.148598179952,-9017.441619144967,-376.30341492119715,-4275.54430894789,54.13893204453261
-10844.105741161462,31668.271920693136,166.63781977526048,-2148.7265534280145,-2617.5706322019983
-6798.764456217359,9358.864672071113,6396.473233214623,-6336.257003193404,-4564.449681773787
-15527.353550187374,-2800.2543146298476,-1275.5204585692115,-3589.066888026566,-3853.7309220267007
-22973.18341727343,15555.674246708038,-858.1596603787845,-1997.5549236117758,-1777.9098187562859
-46756.5268650554,18156.1334025105,-1911.3562041605317,9169.813985844254,-3422.7281405313606
-12960.820361956834,-34967.90344556788,2317.746370134373,-1607.0461108934155,4067.904205258836
-40118.56589069638,1000.593207954174,-1004.7320094174648,3633.7088411510604,-2170.6909095456535
79128.69117293677,-37278.10852705698,3443.9768165282085,41989.56288184261,697.2246617542847
39532.6861570391,10459.825792716387,328.9407350243379,-3098.3516379985526,15732.946335627727
54001.963880194504,-662.6079145224784,-14688.683080034356,-15451.931738220737,21150.94654908978
897.2449521992934,-4110.747961483392,77.49203807056494,-15004.048131086382,-1459.84371292188
-13306.44178033494,9537.700720236322,656.8531097813335,-9201.71091238346,-2765.4137020187936
-29683.570423121495,-13671.735494240156,-1379.812530201895,-4969.321818471829,1364.6903297757563
16239.486143624352,3041.292866737305,5391.514605100043,-9958.043661976939,-5471.261719580929
14097.644197281883,15156.172575549615,2739.7188753622827,1355.2054498447244,1094.6473625531485
11610.43602017845,16182.212669525961,3254.3114223358825,-14102.359590453523,-293.218853639179
23133.061114594937,-15521.798136390744,-18535.102905012387,18815.627924766486,-10401.74829871567
2671.4864383802706,-18759.12604202181,6767.614076745079,-6718.929800301819,-4226.757093234105
925.3039698997717,-6825.390476336585,-9576.57522683018,399.2515578330049,248.8381770407841
19108.608162869743,50836.80966749082,3625.500678473739,-527.2983387398069,14316.816406341384
2493.0378827215904,15953.858604476003,2993.122653865185,-9072.481121093188,-4447.082044579489
-42948.62899842922,-32308.117267403988,-635.6457573979347,1737.755653130141,1352.2888803592984
2198.991561408706,-660.5397509868734,5536.470360668498,-12570.36989273124,-3094.091401626818
-19567.57670988253,-21503.108818045377,9157.034812722703,1545.4741922723465,-1782.3402378531543
-20750.631132492905,-16367.119092953953,-6473.533735115953,5248.6037510544065,4166.670570766725
-49636.5916351778,-22103.433206526825,-5130.906886433694,1403.4149727620418,1505.2348380408737
4516.733816598557,18374.470353907902,-3004.2886507096255,2768.9472306817206,6728.806326742575
-5090.143210174711,-5859.295371272567,-12449.322215126556,8148.687001537414,-3152.9064268518678
-1860.2511174565932,10513.586628806444,3829.829205267986,-10474.935661682981,-1407.808757088702
4431.812100210251,-2780.2139424418865,13151.781483410703,12702.015520695117,-5082.333293593013
30765.736230946037,8317.40513199734,-7007.106353935847,-9207.655294333574,6581.385098921841
-15595.19640686296,-16590.939806577833,-6786.748681384533,2278.731520264294,-1045.8234932359023
-48537.61723308091,-16884.97362821781,-5190.088156834032,790.9686925386261,-775.1440015215771
